task_id,domain,criterion_id,criterion_type_normalized,weight,dependent_criteria,descendant_count,direct_score_pp,structural_exposure_pp,description
13,Legal,1,Style,Primary objective(s),[],0,10.0,10.0,"Drafts the response in the format of a legal opinion or memorandum, which includes at least three of the following: a factual summary, analysis, conclusion, references to relevant statutory and legal authority."
13,Legal,2,Extraction (recall),Primary objective(s),[],0,10.0,10.0,Identifies the jurisdiction for the legal analysis as the State of Florida.
13,Legal,3,Reasoning,Primary objective(s),[],4,10.0,50.0,Explains that diminution of value claims are recognized in the State of Florida.
13,Legal,4,Reasoning,Primary objective(s),[3],0,10.0,10.0,"Specifically addresses whether diminution of value applies to 1st party claims, 3rd party claims, or both."
13,Legal,5,Reasoning,Primary objective(s),[3],0,10.0,10.0,States that diminution of value is generally NOT recoverable in a first-party claim in Florida.
13,Legal,6,Reasoning,Primary objective(s),[3],0,10.0,10.0,States that diminution of value is recoverable in a third-party claim in Florida.
13,Legal,7,Reasoning,Primary objective(s),[3],0,10.0,10.0,List the elements required to prove diminution of value in Florida.
13,Legal,8,Reasoning,Primary objective(s),[],0,10.0,10.0,Identifies Mr. Jones' claim against XYZ Insurance as a third-party claim.
13,Legal,9,Extraction (recall) + Reasoning,Primary objective(s),[],1,10.0,20.0,Correctly identifies that Mr. Jones' vehicle is a total loss (it is acceptable to state 'likely' or 'pending' based on the available estimate).
13,Legal,10,Reasoning,Primary objective(s),[9],0,10.0,10.0,"States that diminution of value is not applicable if the vehicle is determined to be a total loss under § 319.30 and that, in such case, settlement follows § 626.9743(5); if not a total loss, DV analysis may apply."
845,Legal,1,Extraction (recall) + Reasoning,Primary objective(s),[],1,12.5,25.0,Identify Libby's claim against The Roamers for negligence as related to premises liability.
845,Legal,2,Extraction (recall) + Reasoning,Primary objective(s),[1],0,12.5,12.5,Conclude that Libby will fail on her negligence claim.
845,Legal,3,Extraction (recall) + Reasoning,Primary objective(s),[],3,12.5,50.0,Identify Libby's claim against The Roamers for public disclosure of private facts.
845,Legal,4,Extraction (recall) + Reasoning,Primary objective(s),[3],1,12.5,25.0,Identify Libby's consent to disclosure as a bar to the public disclosure of private facts claim.
845,Legal,5,Extraction (recall) + Reasoning,Not primary objective,[3],1,12.5,25.0,Identify that The Roamers can defend against the public disclosure of private facts claim because Libby is a public figure.
845,Legal,6,Extraction (recall) + Reasoning,Primary objective(s),"[4, 5]",0,12.5,12.5,Conclude that Libby will likely fail on her public disclosure of private facts claim.
845,Legal,7,Extraction (recall) + Reasoning,Primary objective(s),[],1,12.5,25.0,Identify Libby's claim for intentional infliction of emotional distress.
845,Legal,8,Extraction (recall) + Reasoning,Primary objective(s),[7],0,12.5,12.5,Conclude that Libby will likely fail on her claim of intentional infliction of emotional distress.
942,Legal,1,Extraction (recall),Primary objective(s),[],1,14.285714285714286,28.571428571428573,States the California Penal Code section 288 prohibits lewd or lascivious acts.
942,Legal,2,Extraction (recall),Primary objective(s),[],2,14.285714285714286,42.857142857142854,States that California Penal Code section 288(c)(1) applies only when the perpetrator is at least 10 years older than the victim.
942,Legal,3,Reasoning,Primary objective(s),[],2,14.285714285714286,42.857142857142854,Calculates that Ms. Rothschild is not at least 10 years older than Jontae.
942,Legal,4,Reasoning,Primary objective(s),"[2, 3]",1,14.285714285714286,28.571428571428573,Concludes that there was no evidence establishing the requisite 10+ year age difference required under PC 288(c)(1).
942,Legal,5,Reasoning,Primary objective(s),"[1, 7, 4]",0,14.285714285714286,14.285714285714286,Concludes there is a very high likelihood Ms. Rothschild's appeal will be granted.
942,Legal,6,Style,Not primary objective,[],0,14.285714285714286,14.285714285714286,"Formats the response as a client advisement letter that includes at least three of the following: a question presented identifying the legal issue, a brief answer identifying an answer to the legal issue, a fact section, a discussion section where the legal issue is analyzed, or a conclusion summarizing the legal analysis."
942,Legal,7,Extraction (recall),Primary objective(s),[],1,14.285714285714286,28.571428571428573,"States that on an appeal of a criminal conviction for insufficiency of evidence, the standard of review is whether there is substantial evidence to support the conviction."
1022,Legal,1,Style,Not primary objective,[],0,6.25,6.25,"Formats the response as a legal memorandum that includes at least three of the following: a question presented identifying the legal issue, a brief answer identifying an answer to the legal issue, a fact section, a discussion section where the legal issue is analyzed, and a conclusion summarizing the legal analysis."
1022,Legal,2,Extraction (recall),Primary objective(s),[],1,6.25,12.5,Identifies that Florida law applies.
1022,Legal,3,Extraction (recall),Not primary objective,[],1,6.25,12.5,Identifies that video footage may be admitted under the 'pictorial theory' if it fairly and accurately depicts what a witness personally observed.
1022,Legal,4,Extraction (recall),Not primary objective,[],1,6.25,12.5,Identifies that video footage may be admissible under the 'silent witness theory' if the video is determined to be reliable.
1022,Legal,5,Extraction (recall),Not primary objective,[],6,6.25,43.75,Identifies that the Court considers five factors in determining if the video is reliable under the 'silent witness' theory.
1022,Legal,6,Reasoning,Not primary objective,[5],1,6.25,12.5,Identifies factor 1 (time/date accuracy) under the silent witness test and reaches a defended conclusion.
1022,Legal,7,Reasoning,Not primary objective,[5],1,6.25,12.5,Identifies factor 2 (no editing/tampering) on these facts and reaches a defended conclusion.
1022,Legal,8,Reasoning,Not primary objective,[5],1,6.25,12.5,Identifies factor 3 (installation/operation accuracy) on these facts and reaches a defended conclusion.
1022,Legal,9,Reasoning,Not primary objective,[5],1,6.25,12.5,Identifies factor 4 (procedures/security; chain of custody/system integrity) on these facts and reaches a defended conclusion.
1022,Legal,10,Reasoning,Not primary objective,[5],1,6.25,12.5,Identifies factor 5 (clear depiction of persons/events) on these facts and reaches a defended conclusion.
1022,Legal,11,Reasoning,Not primary objective,[3],0,6.25,6.25,Identifies pictorial-testimony foundation on these facts and reaches a defended conclusion.
1022,Legal,12,Reasoning,Primary objective(s),"[4, 5, 6, 7, 8, 9, 10]",0,6.25,6.25,Identifies admissibility under the silent-witness doctrine on these facts and reaches a defended conclusion.
1022,Legal,13,Extraction (recall),Not primary objective,[2],0,6.25,6.25,"States Florida's lay-opinion identification rule, based on the witness's perceptions, is helpful to the jury."
1022,Legal,14,Reasoning,Primary objective(s),[],0,6.25,6.25,Identifies admissibility of law identification by a non-eyewitness whose familiarity derives from an employee photo.
1022,Legal,15,Extraction (recall),Not primary objective,[],0,6.25,6.25,States that testifying to the contents of a business record is hearsay unless the record is admitted.
1022,Legal,16,Reasoning,Primary objective(s),[],0,6.25,6.25,Identifies whether the timesheet/register-log testimony is inadmissible hearsay absent a proper Section 90.903(6) foundation.
1031,Legal,1,Extraction (recall),Primary objective(s),[],1,12.5,25.0,States that a denial of a pretrial motion is a non-jurisdictional defect that is waived by an unconditional guilty plea.
1031,Legal,2,Extraction (recall) + Reasoning,Primary objective(s),[1],0,12.5,12.5,Identifies that the defendant waived his right to appeal the denial of his suppression motion by entering an unconditional plea agreement.
1031,Legal,3,Extraction (recall) + Reasoning,Primary objective(s),[],0,12.5,12.5,Identifies that the First Circuit has jurisdiction over the case.
1031,Legal,4,Extraction (recall) + Reasoning,Primary objective(s),[],1,12.5,25.0,"Identifies that a majority of the United States Court of Appeals circuit courts have held that if the government does not timely invoke a defendant's waiver of appeal due to an unconditional guilty plea, the appellate court can assert jurisdiction."
1031,Legal,5,Extraction (recall),Primary objective(s),[],0,12.5,12.5,States that the First Circuit has not addressed the issue of whether appellate courts must raise a defendant's waiver sua sponte where an unconditional guilty plea would otherwise preclude appellate review.
1031,Legal,6,Extraction (recall) + Reasoning,Primary objective(s),[8],0,12.5,12.5,"Concludes that if the First Circuit adopts the precedent set by the Seventh Circuit, the First Circuit would not have jurisdiction."
1031,Legal,7,Extraction (recall) + Reasoning,Primary objective(s),[4],0,12.5,12.5,"Concludes that if the First Circuit adopts the precedent set by the majority of the circuit courts, the First Circuit would have jurisdiction."
1031,Legal,8,Extraction (recall),Primary objective(s),[],1,12.5,25.0,Identifies that the Seventh Circuit court enforces unconditional guilty pleas on the court's own initiative.
1041,Legal,1,Extraction (recall),Not primary objective,[],0,7.6923076923076925,7.6923076923076925,States that John was a member of the Navajo Nation.
1041,Legal,2,Extraction (recall),Not primary objective,[],0,7.6923076923076925,7.6923076923076925,States that John died while domiciled on the reservation.
1041,Legal,3,Extraction (recall) + Reasoning,Primary objective(s),[],0,7.6923076923076925,7.6923076923076925,States that the Navajo courts have authority to govern tribal affairs.
1041,Legal,4,Extraction (recall) + Reasoning,Primary objective(s),[],0,7.6923076923076925,7.6923076923076925,States that probate is a tribal affair subject to tribal governance.
1041,Legal,5,Extraction (recall) + Reasoning,Primary objective(s),[],0,7.6923076923076925,7.6923076923076925,States that John's property is under Navajo jurisdiction.
1041,Legal,6,Extraction (recall),Primary objective(s),[],1,7.6923076923076925,15.384615384615385,"States that under Navajo Tribal Law, oral wills are accepted as valid if all immediate family members are present during the oral distribution and agree to honor the testator's wishes."
1041,Legal,7,Extraction (recall),Primary objective(s),[],1,7.6923076923076925,15.384615384615385,"States that under Navajo Tribal Law, oral wills are accepted as valid if all immediate family members agree to honor the testator's wishes."
1041,Legal,8,Extraction (recall) + Reasoning,Primary objective(s),"[6, 7]",0,7.6923076923076925,7.6923076923076925,Concludes that the Navajo oral will conditions are met.
1041,Legal,9,Extraction (recall) + Reasoning,Primary objective(s),[],4,7.6923076923076925,38.46153846153846,States that the oral will replaced the previously made holographic will that left property to Kevin.
1041,Legal,10,Extraction (recall) + Reasoning,Primary objective(s),[9],0,7.6923076923076925,7.6923076923076925,States that Kevin would not be entitled to any property.
1041,Legal,11,Extraction (recall) + Reasoning,Primary objective(s),[9],0,7.6923076923076925,7.6923076923076925,States that Penny would be entitled to the house.
1041,Legal,12,Extraction (recall) + Reasoning,Primary objective(s),[9],0,7.6923076923076925,7.6923076923076925,States that Jill would be entitled to the jewelry.
1041,Legal,13,Extraction (recall) + Reasoning,Primary objective(s),[9],0,7.6923076923076925,7.6923076923076925,States that Bill would be entitled to the car
1078,Legal,1,Extraction (recall) + Reasoning,Primary objective(s),[],1,16.666666666666668,33.333333333333336,States that Indiana law prohibits passing upon approach of a crest that obstructs the driver's view.
1078,Legal,2,Extraction (recall) + Reasoning,Primary objective(s),[],1,16.666666666666668,33.333333333333336,States that Indiana law requires a vehicle being passed to yield the right of way to a passing vehicle on audible signal.
1078,Legal,3,Extraction (recall) + Reasoning,Primary objective(s),[],1,16.666666666666668,33.333333333333336,States that Indiana law requires vehicles making left-turns to yield to oncoming vehicles proceeding in the opposite direction.
1078,Legal,4,Extraction (recall) + Reasoning,Primary objective(s),"[2, 3, 1]",0,16.666666666666668,16.666666666666668,Concludes that Mr. Smith (the overtaken vehicle) had the right-of-way.
1078,Legal,5,Extraction (recall) + Reasoning,Primary objective(s),[],0,16.666666666666668,16.666666666666668,States that Mr. Smith breached defensive driving duties for improper look out prior to initiating the left turn.
1078,Legal,6,Extraction (recall) + Reasoning,Primary objective(s),[],0,16.666666666666668,16.666666666666668,Concludes that Mr. Smith's recovery will be reduced as he is partially at fault.
1148,Legal,1,Extraction (recall) + Reasoning,Not primary objective,[],2,14.285714285714286,42.857142857142854,Determines that the Social Security Administration should not direct a decision that Mr. Bader is disabled at step one of the five-step sequential evaluation process.
1148,Legal,2,Extraction (recall) + Reasoning,Not primary objective,[],1,14.285714285714286,28.571428571428573,Determines that the Social Security Administration should not direct a decision that Mr. Bader is disabled at step two of the five-step sequential evaluation process.
1148,Legal,3,Extraction (recall) + Reasoning,Not primary objective,[2],0,14.285714285714286,14.285714285714286,Determines that the Social Security Administration should not direct a decision that Mr. Bader is disabled at step three of the five-step sequential evaluation process.
1148,Legal,4,Extraction (recall) + Reasoning,Not primary objective,[5],0,14.285714285714286,14.285714285714286,Determines that the Social Security Administration should not direct a decision that Mr. Bader is disabled at step four of the five-step sequential evaluation process.
1148,Legal,5,Extraction (recall) + Reasoning,Not primary objective,[],1,14.285714285714286,28.571428571428573,Identifies that Mr. Bader does not have any past relevant work.
1148,Legal,6,Extraction (recall) + Reasoning,Primary objective(s),[7],0,14.285714285714286,14.285714285714286,Determines that the Social Security Administration should direct a decision that Mr. Bader is disabled at step five of the five-step sequential evaluation process.
1148,Legal,7,Extraction (recall) + Reasoning,Not primary objective,[1],1,14.285714285714286,28.571428571428573,Identifies that Mr. Bader meets the requirements of the lifetime commitment profile.
1167,Legal,1,Extraction (recall) + Reasoning,Primary objective(s),[],1,16.666666666666668,33.333333333333336,Identifies that a person cannot be guilty of a crime if they did not have the mental capacity to distinguish between right and wrong at the time the crime was committed.
1167,Legal,2,Extraction (recall) + Reasoning,Primary objective(s),[],1,16.666666666666668,33.333333333333336,Identifies that a person cannot be guilty of a crime if they acted because of a delusional compulsion at the time the crime was committed.
1167,Legal,3,Extraction (recall) + Reasoning,Primary objective(s),[],0,16.666666666666668,16.666666666666668,Identifies that Mr. B's failure to take his medication is not relevant to whether the insanity defenses are available to him.
1167,Legal,4,Extraction (recall) + Reasoning,Not primary objective,[],1,16.666666666666668,33.333333333333336,Identifies that a successful insanity plea requires expert testimony from a qualified medical expert.
1167,Legal,5,Extraction (recall) + Reasoning,Primary objective(s),[2],0,16.666666666666668,16.666666666666668,Identifies that Mr. B's insanity defense based on delusional compulsion will likely be unsuccessful.
1167,Legal,6,Extraction (recall) + Reasoning,Primary objective(s),"[1, 4]",0,16.666666666666668,16.666666666666668,Concludes that Mr. B's insanity defense based on an inability to distinguish between right and wrong will likely be successful.
1184,Legal,1,Extraction (recall),Primary objective(s),[],2,12.5,37.5,Identifies that only substantive requirements of ARARs must be met for on-site CERCLA actions.
1184,Legal,2,Extraction (recall) + Reasoning,Primary objective(s),[1],1,12.5,25.0,Identifies that NHPA consultation is a procedural requirement.
1184,Legal,3,Extraction (recall) + Reasoning,Primary objective(s),"[1, 2]",0,12.5,12.5,Concludes that EPA was not required to engage in formal NHPA review because it is a procedural requirement.
1184,Legal,4,Extraction (recall),Primary objective(s),[],1,12.5,25.0,"Identifies that ORS 97.745(2)(a) prohibits the possession of native Indian artifacts, human remains or funerary objects having been taken from a native Indian cairn or burial."
1184,Legal,5,Extraction (recall),Primary objective(s),[],1,12.5,25.0,Identifies that ORS 97.745(1) requires that inadvertently discovered Indian cairns must be reinterred under the supervision of the appropriate Indian tribe.
1184,Legal,6,Extraction (recall),Primary objective(s),[],1,12.5,25.0,Identifies that the definition of 'Indian Tribes' limits the applicability of ORS 97.745 to specific tribes.
1184,Legal,7,Extraction (recall) + Reasoning,Primary objective(s),[],1,12.5,25.0,States that the Celilo Wy'am tribe is not a federally recognized tribe for the purposes of ORS 97.745.
1184,Legal,8,Extraction (recall) + Reasoning,Primary objective(s),"[7, 4, 5, 6]",0,12.5,12.5,Concludes that it was proper for EPA to transfer the cairn to the SHPO.
1189,Legal,1,Extraction (recall) + Reasoning,Primary objective(s),[],1,10.0,20.0,"States that for a net income of $550,000, Chen's estimated California income tax liability would be $50,758 (acceptable value is 50,758)."
1189,Legal,2,Extraction (recall) + Reasoning,Primary objective(s),[],1,10.0,20.0,"States that in Tennessee, Chen does not have to pay personal income tax for earnings from the LLC."
1189,Legal,3,Extraction (recall) + Reasoning,Not primary objective,[],1,10.0,20.0,"States that in California, Chen's LLC has to pay an annual franchise tax of $800 (acceptable value is 800)."
1189,Legal,4,Extraction (recall) + Reasoning,Not primary objective,[],1,10.0,20.0,"States that in California, Chen's LLC has to pay an annual LLC fee of $6,000 (acceptable value is 6,000)."
1189,Legal,5,Extraction (recall) + Reasoning,Not primary objective,[],2,10.0,30.0,"States that in Tennessee, Chen's LLC has to pay excise tax at the rate of 6.5% of its net earnings (acceptable value is 6.5%)."
1189,Legal,6,Extraction (recall) + Reasoning,Not primary objective,[],2,10.0,30.0,"States that in Tennessee, Chen's LLC has to pay franchise tax at the rate of 0.25% of the net worth, subject to a minimum of $100 per year (acceptable value is 0.25%)."
1189,Legal,7,Extraction (recall) + Reasoning,Not primary objective,[],0,10.0,10.0,"States that in Tennessee, Chen's LLC has to pay business tax based on its gross revenue."
1189,Legal,8,Reasoning,Primary objective(s),"[1, 3, 2, 4, 5, 6, 9]",0,10.0,10.0,"States that relocating to Tennessee gives Chen a tax saving of $17,958 for 2024 (acceptable value is 17,958)."
1189,Legal,9,Reasoning,Primary objective(s),[6],1,10.0,20.0,States that Chen can minimize the Tennessee franchise tax by strategically managing the balance sheet to minimize the value of the net assets.
1189,Legal,10,Extraction (recall) + Reasoning,Primary objective(s),[5],0,10.0,10.0,Recommends that Chen elect S-corporation status for the LLC to reduce excise tax liabilities.
1226,Legal,1,Extraction (recall) + Reasoning,Primary objective(s),[],0,8.333333333333334,8.333333333333334,Conditions University's payment obligations on the availability of appropriated funds.
1226,Legal,2,Extraction (recall) + Reasoning,Primary objective(s),[],0,8.333333333333334,8.333333333333334,Designates University as the exporter of record.
1226,Legal,3,Extraction (recall) + Reasoning,Primary objective(s),[],0,8.333333333333334,8.333333333333334,Requires University to furnish all required export documentation to Company before shipment.
1226,Legal,4,Extraction (recall) + Reasoning,Primary objective(s),[],0,8.333333333333334,8.333333333333334,Requires University to identify export-controlled technical data before disclosure to Company.
1226,Legal,5,Extraction (recall) + Reasoning,Primary objective(s),[],0,8.333333333333334,8.333333333333334,"Requires University, as shipper, to certify compliance with dangerous-goods regulations for the Prototype."
1226,Legal,6,Extraction (recall) + Reasoning,Not primary objective,[],0,8.333333333333334,8.333333333333334,Requires the Crate to comply with ISPM-15 wood-packaging standards.
1226,Legal,7,Extraction (recall) + Reasoning,Primary objective(s),[],0,8.333333333333334,8.333333333333334,States that Company provides packaging services only.
1226,Legal,8,Extraction (recall) + Reasoning,Primary objective(s),[],0,8.333333333333334,8.333333333333334,States that Company is liable for damage to the Prototype only to the extent caused by Company's negligence.
1226,Legal,9,Extraction (recall) + Reasoning,Not primary objective,[],0,8.333333333333334,8.333333333333334,Requires University to provide Company with written notice of a claim within a defined period following delivery.
1226,Legal,10,Extraction (recall) + Reasoning,Primary objective(s),[],0,8.333333333333334,8.333333333333334,States that University will obtain cargo insurance that includes at least 3 of the following protections: Company named as additional insured; coverage primary and non-contributory; waiver of subrogation in favor of Company; insurer rated A- or better by A.M. Best; or loss payable to University.
1226,Legal,11,Extraction (recall) + Reasoning,Primary objective(s),[],0,8.333333333333334,8.333333333333334,Authorizes Company to suspend performance if shipment would violate applicable trade-compliance laws.
1226,Legal,12,Extraction (recall) + Reasoning,Primary objective(s),[],0,8.333333333333334,8.333333333333334,"Requires University to reimburse Company, to the extent permitted by law, upon the occurrence of any one of the following: inaccurate or incomplete export information; failure to obtain required export authorizations; or concealed hazards in the Prototype."
1230,Legal,1,Extraction (recall) + Reasoning,Primary objective(s),[],0,12.5,12.5,Identifies that the Association failed to send the violation notices to the owner's designated address as required by law.
1230,Legal,2,Extraction (recall) + Reasoning,Primary objective(s),[],0,12.5,12.5,Identifies that the Association failed to make a demand for pre-suit mediation as required by law.
1230,Legal,3,Extraction (recall) + Reasoning,Primary objective(s),[],0,12.5,12.5,Identifies that the Association is precluded from recovering its attorney's fees related to subsequent litigation.
1230,Legal,4,Extraction (recall) + Reasoning,Primary objective(s),[],0,12.5,12.5,Identifies that the Association's attorney improperly billed his time by billing multiple times for a single piece of created work.
1230,Legal,5,Extraction (recall) + Reasoning,Primary objective(s),[],0,12.5,12.5,Identifies that the Association's attorney improperly billed his time by billing at an attorney's rate for clerical work.
1230,Legal,6,Extraction (recall) + Reasoning,Primary objective(s),[],0,12.5,12.5,Identifies that the Association's attorney improperly billed his time by billing amounts which do not reflect the actual amount of time spent on the work.
1230,Legal,7,Extraction (recall) + Reasoning,Primary objective(s),[],0,12.5,12.5,Identifies that the Association's retainer agreement is not privileged.
1230,Legal,8,Extraction (recall) + Reasoning,Primary objective(s),[],0,12.5,12.5,States that raising ethical concerns regarding opposing counsel's behavior may violate Rules Regulating the Florida Bar 4.3(4)(h).
1246,Legal,1,Extraction (recall) + Reasoning,Primary objective(s),[],1,14.285714285714286,28.571428571428573,Identifies that Erika can raise the defense of entrapment against the charge of unlawful sale of alcohol.
1246,Legal,2,Extraction (recall) + Reasoning,Primary objective(s),[1],0,14.285714285714286,14.285714285714286,Concludes that the entrapment defense against the unlawful sale of alcohol will be successful.
1246,Legal,3,Extraction (recall) + Reasoning,Primary objective(s),[],1,14.285714285714286,28.571428571428573,Identifies that Erika can raise the defense of entrapment against the charge of operating an unpermitted business.
1246,Legal,4,Extraction (recall) + Reasoning,Primary objective(s),[],1,14.285714285714286,28.571428571428573,Identifies that Erika did not intend to make a profit from Erika's Place.
1246,Legal,5,Extraction (recall) + Reasoning,Primary objective(s),"[3, 4]",0,14.285714285714286,14.285714285714286,Concludes that Erika will likely be found guilty of operating an unpermitted business.
1246,Legal,6,Extraction (recall) + Reasoning,Primary objective(s),[],0,14.285714285714286,14.285714285714286,Identifies that Erika can argue the city violated the Equal Protection Clause by selectively enforcing the rules relating to possession of alcohol in public spaces.
1246,Legal,7,Extraction (recall) + Reasoning,Primary objective(s),[],0,14.285714285714286,14.285714285714286,Identifies that Erika can raise equitable estoppel against the leash law violation.
1318,Legal,1,Extraction (recall) + Reasoning,Primary objective(s),[],1,16.666666666666668,33.333333333333336,Determines that Ms. Castro has engaged in substantial gainful activity since April 2025.
1318,Legal,2,Extraction (recall) + Reasoning,Primary objective(s),[],1,16.666666666666668,33.333333333333336,Determines that Ms. Castro did not engage in substantial gainful activity from September 2023 through March 2025.
1318,Legal,3,Extraction (recall) + Reasoning,Primary objective(s),[],1,16.666666666666668,33.333333333333336,Determines that Ms. Castro's medically determinable impairments were severe from September 2023 through March 2025.
1318,Legal,4,Extraction (recall) + Reasoning,Primary objective(s),[],1,16.666666666666668,33.333333333333336,Determines that Ms. Castro's medically determinable impairments met the duration requirement from September 2023 through March 2025.
1318,Legal,5,Extraction (recall) + Reasoning,Primary objective(s),[],1,16.666666666666668,33.333333333333336,Determines that Ms. Castro had an impairment that met Listing 11.18 from September 2023 through March 2025.
1318,Legal,6,Extraction (recall) + Reasoning,Primary objective(s),"[2, 3, 4, 5, 1]",0,16.666666666666668,16.666666666666668,Determines that Ms. Castro is entitled to a closed period of Supplemental Security Income benefits from September 2023 through March 2025.
1319,Legal,1,Extraction (recall) + Reasoning,Primary objective(s),[],0,8.333333333333334,8.333333333333334,Requires Promoter to maintain legal authorization to use the Venue for the Festival.
1319,Legal,2,Extraction (recall) + Reasoning,Primary objective(s),[],0,8.333333333333334,8.333333333333334,States that Company may suspend services for any of at least 2 of the following reasons: Promoter's nonpayment; loss of legal authorization to use the Venue for the Festival; or unsafe site conditions that prevent lawful or safe servicing.
1319,Legal,3,Extraction (recall) + Reasoning,Primary objective(s),[],0,8.333333333333334,8.333333333333334,States that Promoter is solely responsible for at least 3 of the following site-readiness measures: providing firm pads for Units; clearing truck paths for servicing; maintaining adequate lighting near Units; or managing crowd access in service areas.
1319,Legal,4,Extraction (recall) + Reasoning,Primary objective(s),[],0,8.333333333333334,8.333333333333334,States that Promoter is solely responsible for at least 3 of the following duties related to non-human waste: remediation; transport; disposal; or reporting.
1319,Legal,5,Extraction (recall) + Reasoning,Primary objective(s),[],0,8.333333333333334,8.333333333333334,States that Company's environmental liability is limited to damages resulting from Company's negligence.
1319,Legal,6,Extraction (recall) + Reasoning,Primary objective(s),[],0,8.333333333333334,8.333333333333334,"Requires Promoter to indemnify Company for at least 3 of the following categories of loss, to the extent not caused by Company's negligence: bodily injury; property damage; regulatory penalties; cleanup costs; or third-party claims arising from Promoter's operations."
1319,Legal,7,Extraction (recall) + Reasoning,Not primary objective,[],0,8.333333333333334,8.333333333333334,States that Promoter will fund a refundable security deposit in favor of Company.
1319,Legal,8,Extraction (recall) + Reasoning,Not primary objective,[],0,8.333333333333334,8.333333333333334,Requires Promoter to pay interest on overdue amounts.
1319,Legal,9,Extraction (recall) + Reasoning,Primary objective(s),[],0,8.333333333333334,8.333333333333334,States that the Agreement controls over any Promoter-issued document that conflicts with its terms.
1319,Legal,10,Extraction (recall) + Reasoning,Primary objective(s),[],0,8.333333333333334,8.333333333333334,Prohibits Promoter from requiring Company personnel to sign documents that conflict with the Agreement.
1319,Legal,11,Extraction (recall) + Reasoning,Primary objective(s),[],0,8.333333333333334,8.333333333333334,Requires Promoter to maintain comprehensive general liability insurance containing at least 3 of the following: naming Company as an additional insured; providing primary and non-contributory coverage; waiving subrogation against Company; specifying minimum per-occurrence limits consistent with event-industry standards; or specifying aggregate limits consistent with event-industry standards.
1319,Legal,12,Extraction (recall) + Reasoning,Not primary objective,[],0,8.333333333333334,8.333333333333334,States that Virginia law governs the Agreement.
1323,Legal,1,Extraction (recall),Not primary objective,[],3,7.142857142857143,28.571428571428573,"Identifies all of the following as elements of first-degree burglary: (1) entry, (2) of an inhabited dwelling, and (3) with intent to commit a felony."
1323,Legal,2,Reasoning,Not primary objective,[],3,7.142857142857143,28.571428571428573,Identifies that Ms. Restrepo entered the apartment.
1323,Legal,3,Reasoning,Not primary objective,[],3,7.142857142857143,28.571428571428573,Identifies that Ms. Ricard's apartment is an inhabited dwelling.
1323,Legal,4,Reasoning,Not primary objective,[],3,7.142857142857143,28.571428571428573,Identifies that Ms. Restrepo entered the apartment with the intent to commit arson of property.
1323,Legal,5,Extraction (recall),Not primary objective,[],3,7.142857142857143,28.571428571428573,Identifies that arson of property is a felony.
1323,Legal,6,Reasoning,Primary objective(s),"[2, 3, 4, 1, 5]",2,7.142857142857143,21.428571428571427,Concludes that the prosecution's case for first-degree burglary is very strong.
1323,Legal,7,Extraction (recall),Primary objective(s),[],2,7.142857142857143,21.428571428571427,"States that a special allegation under PC 667.5(c)(21) applies when another person, other than an accomplice, was present in the residence during the commission of a first-degree burglary."
1323,Legal,8,Reasoning,Primary objective(s),"[6, 7]",1,7.142857142857143,14.285714285714286,Concludes that the prosecution's case for a special allegation against Ms. Restrepo under PC 667.5(c)(21) is very strong.
1323,Legal,9,Extraction (recall),Not primary objective,[],2,7.142857142857143,21.428571428571427,Identifies that first-degree burglary carries a maximum of six years in custody.
1323,Legal,10,Extraction (recall),Not primary objective,[],1,7.142857142857143,14.285714285714286,Identifies that first-degree burglary is a strike under California's 3 Strikes Law.
1323,Legal,11,Extraction (recall),Not primary objective,[],2,7.142857142857143,21.428571428571427,Identifies that first-degree burglary is a violent felony when a special allegation under PC 667.5(c)(21) is pled and proven.
1323,Legal,12,Reasoning,Primary objective(s),"[9, 10, 11, 6, 8]",0,7.142857142857143,7.142857142857143,Concludes that the most serious charge the prosecution could bring against Ms. Restrepo is first-degree burglary with a special allegation under PC 667.5(c)(21).
1323,Legal,13,Extraction (recall),Not primary objective,[],1,7.142857142857143,14.285714285714286,"States that when serving a sentence for a violent felony, custody credits are capped at 15%."
1323,Legal,14,Reasoning,Primary objective(s),"[9, 11, 13]",0,7.142857142857143,7.142857142857143,Calculates that the maximum actual custody time Ms. Restrepo must serve in this case is 5.1 years (+/- 0.1).
1346,Legal,1,Extraction (recall),Not primary objective,[],1,9.090909090909092,18.181818181818183,"States that to commit a trespass under PC 602(t), the defendant must enter upon private property."
1346,Legal,2,Extraction (recall),Not primary objective,[],1,9.090909090909092,18.181818181818183,"States that to qualify as a trespass under PC 602(t), the property owner must have previously requested a peace officer to inform the defendant that the property was not open to the defendant."
1346,Legal,3,Extraction (recall),Not primary objective,[],1,9.090909090909092,18.181818181818183,"States that to qualify as a trespass under PC 602(t), a peace officer must have previously informed the defendant that, at the request of the owner, the property was not open to the defendant."
1346,Legal,4,Extraction (recall),Not primary objective,[],1,9.090909090909092,18.181818181818183,"States that to commit a trespass under PC 602(t), the defendant must have previously been convicted of a crime committed upon the particular private property."
1346,Legal,5,Extraction (recall),Not primary objective,[],1,9.090909090909092,18.181818181818183,States that trespass under PC 602(t) does not apply when the crime the defendant previously committed upon the private property was an infraction other than PC 490.1.
1346,Legal,6,Reasoning,Primary objective(s),[],1,9.090909090909092,18.181818181818183,"Identifies that Mr. Jefferson entered the Okee-Dokee convenience store on October 21st, 2025."
1346,Legal,7,Reasoning,Primary objective(s),[],1,9.090909090909092,18.181818181818183,"Identifies that prior to October 21st, 2025, Ms. Pugh had requested that Officer Biscayne inform Mr. Jefferson that Okee-Dokee was not open to him."
1346,Legal,8,Reasoning,Primary objective(s),[],1,9.090909090909092,18.181818181818183,"Identifies that prior to October 21st, 2025, Officer Biscayne had informed Mr. Jefferson that, at the request of Ms. Pugh, Okee-Dokee was not open to Mr. Jefferson."
1346,Legal,9,Reasoning,Primary objective(s),[],1,9.090909090909092,18.181818181818183,"Identifies that prior to October 21st, 2025, Mr. Jefferson was convicted of a crime committed upon the grounds of Okee-Dokee."
1346,Legal,10,Reasoning,Primary objective(s),[],1,9.090909090909092,18.181818181818183,"Identifies that prior to October 21st, 2025, the crime that Mr. Jefferson was convicted of upon the grounds of Okee-Dokee was a violation of Penal Code (PC) section 415(2), as an infraction."
1346,Legal,11,Reasoning,Primary objective(s),"[1, 6, 9, 7, 2, 5, 4, 3, 8, 10]",0,9.090909090909092,9.090909090909092,Concludes that Mr. Jefferson will not be convicted of trespassing.
1361,Legal,1,Extraction (recall) + Reasoning,Not primary objective,[],6,8.333333333333334,58.333333333333336,"Concludes that ReGrid Renewables' March 11 email created all of the following express warranties regarding the servers: fully tested, enterprise-grade, and suitable for backups."
1361,Legal,2,Extraction (recall) + Reasoning,Not primary objective,[1],5,8.333333333333334,50.0,Concludes that the 'as is' language in the ReGrid Renewables' invoice did not negate the express warranties.
1361,Legal,3,Extraction (recall) + Reasoning,Primary objective(s),"[1, 2]",4,8.333333333333334,41.666666666666664,Concludes that ReGrid Renewables violated the express warranties.
1361,Legal,4,Extraction (recall) + Reasoning,Not primary objective,[],0,8.333333333333334,8.333333333333334,Concludes that ReGrid Renewables violated the duty of good faith.
1361,Legal,5,Extraction (recall) + Reasoning,Primary objective(s),[],4,8.333333333333334,41.666666666666664,Concludes that ReGrid Renewables breached the implied warranty of merchantability.
1361,Legal,6,Extraction (recall) + Reasoning,Primary objective(s),[],4,8.333333333333334,41.666666666666664,Concludes that ReGrid Renewables breached the implied warranty of fitness for a particular purpose.
1361,Legal,7,Extraction (recall) + Reasoning,Primary objective(s),[],0,8.333333333333334,8.333333333333334,Concludes that ReGrid Renewables PO disclaimer did not negate the implied warranties.
1361,Legal,8,Extraction (recall) + Reasoning,Primary objective(s),"[6, 5, 3]",3,8.333333333333334,33.333333333333336,Concludes that BackUp may recover direct damages.
1361,Legal,9,Extraction (recall) + Reasoning,Not primary objective,[],0,8.333333333333334,8.333333333333334,Identifies that ReGrid Renewables' 30-day warranty failed its essential purpose.
1361,Legal,10,Extraction (recall) + Reasoning,Primary objective(s),"[6, 5, 3, 8]",2,8.333333333333334,25.0,Concludes that BackUp may recover foreseeable consequential damages.
1361,Legal,11,Extraction (recall) + Reasoning,Not primary objective,[10],1,8.333333333333334,16.666666666666668,Concludes that BackUp likely could not have prevented the client losses.
1361,Legal,12,Extraction (recall) + Reasoning,Not primary objective,[11],0,8.333333333333334,8.333333333333334,Identifies that ReGrid Renewables may not have proximately caused the client damages.
1366,Legal,1,Extraction (recall) + Reasoning,Primary objective(s),[],0,12.5,12.5,States that Mr. Smith is liable for Ms. Brown's damages due to his failure to yield the right-of-way.
1366,Legal,2,Extraction (recall) + Reasoning,Primary objective(s),[],0,12.5,12.5,States that Acme Trucking is liable for Ms. Brown's damages under 'respondeat superior'.
1366,Legal,3,Extraction (recall) + Reasoning,Primary objective(s),[],0,12.5,12.5,States that Ms. Brown's recovery may be reduced in proportion to any comparative fault she may have in contributing to the accident.
1366,Legal,4,Extraction (recall) + Reasoning,Not primary objective,[],0,12.5,12.5,Identifies that the recovery of economic damages will be reduced based on Ms. Brown's comparative negligence.
1366,Legal,5,Extraction (recall) + Reasoning,Primary objective(s),[],3,12.5,50.0,States that Ms. Brown's damages will be reduced by applicable collateral sources.
1366,Legal,6,Extraction (recall) + Reasoning,Primary objective(s),[5],0,12.5,12.5,States that no reductions are allowed for collateral payments for which a right of subrogation exists.
1366,Legal,7,Extraction (recall) + Reasoning,Primary objective(s),[5],0,12.5,12.5,States that voluntary write-offs are not 'collateral sources.'
1366,Legal,8,Extraction (recall) + Reasoning,Primary objective(s),[5],0,12.5,12.5,States that collateral source reductions are offset by any premium payments made by Ms. Brown or on her behalf.
1367,Legal,1,Extraction (recall) + Reasoning,Primary objective(s),[],4,5.882352941176471,29.41176470588235,Requires that continuing royalty payments apply only for a fixed term following execution of the Agreement.
1367,Legal,2,Extraction (recall) + Reasoning,Primary objective(s),[1],0,5.882352941176471,5.882352941176471,Requires that royalties apply only to licensed hemp activities conducted in compliance with applicable hemp regulations.
1367,Legal,3,Extraction (recall) + Reasoning,Primary objective(s),[],0,5.882352941176471,5.882352941176471,Requires Friend to make a one-time lump-sum settlement payment to Company as part of the overall resolution.
1367,Legal,4,Extraction (recall) + Reasoning,Primary objective(s),[],0,5.882352941176471,5.882352941176471,Defines New Genetics by requiring it to include at least five of the following elements: Company's proprietary parental Genetics; derived material; reference DNA or genotypic data; deposited reference sample; or identifiable breeding technology.
1367,Legal,5,Extraction (recall) + Reasoning,Primary objective(s),[],0,5.882352941176471,5.882352941176471,States that Company retains ownership of all genetic material related to the New Genetics.
1367,Legal,6,Extraction (recall) + Reasoning,Primary objective(s),[],0,5.882352941176471,5.882352941176471,States that Friend must maintain a current hemp producer registration issued by the Virginia Department of Agriculture and Consumer Services.
1367,Legal,7,Extraction (recall) + Reasoning,Primary objective(s),[],5,5.882352941176471,35.294117647058826,"States that the license grant to Friend to use the New Genetics includes at least three of the following restrictions: limited, non-exclusive, non-transferable, time-bound to the royalty period, or revocable upon noncompliance."
1367,Legal,8,Extraction (recall) + Reasoning,Primary objective(s),[7],0,5.882352941176471,5.882352941176471,"Authorizes Company to suspend Friend's license upon at least three of the following occurrences: receipt of a regulator violation notice, failure to provide a current registration, failure to supply certificates of analysis, failure to remit royalties, or credible evidence of noncompliance."
1367,Legal,9,Extraction (recall) + Reasoning,Primary objective(s),[],1,5.882352941176471,11.764705882352942,"Requires Friend to indemnify Company for at least five of the following categories of loss: fines, penalties, tax assessments, product seizure costs, destruction costs, investigation expenses, defense expenses, or regulator-mandated remediation."
1367,Legal,10,Extraction (recall) + Reasoning,Not primary objective,[1],0,5.882352941176471,5.882352941176471,States that Friend must report royalty data to Company at least monthly.
1367,Legal,11,Extraction (recall) + Reasoning,Primary objective(s),[1],1,5.882352941176471,11.764705882352942,Grants Company the right to audit Friend's records concerning New Genetics at least quarterly.
1367,Legal,12,Extraction (recall) + Reasoning,Primary objective(s),[7],1,5.882352941176471,11.764705882352942,"Prohibits Friend from at least five of the following actions without Company's written consent: breeding new lines from New Genetics, backcrossing, introgression, rebranding derived material, exporting seed for replication, or sublicensing to third parties."
1367,Legal,13,Reasoning,Not primary objective,[7],1,5.882352941176471,11.764705882352942,Requires Friend to provide written certification of destruction of all New Genetics within 30 days after termination of the license (acceptable range: 15 to 30 days).
1367,Legal,14,Reasoning,Not primary objective,[7],0,5.882352941176471,5.882352941176471,Limits the license to jurisdictions where the licensed activity is lawful.
1367,Legal,15,Reasoning,Not primary objective,"[9, 11, 12, 13]",0,5.882352941176471,5.882352941176471,"States that at least four of the following obligations survive termination of the Agreement: confidentiality, nonuse of New Genetics, cooperation with post-termination audits, destruction certification, or indemnification."
1367,Legal,16,Extraction (recall) + Reasoning,Primary objective(s),[],1,5.882352941176471,11.764705882352942,Requires that the Agreement include a mutual release of past claims arising from the dispute over the Genetics.
1367,Legal,17,Extraction (recall) + Reasoning,Primary objective(s),[16],0,5.882352941176471,5.882352941176471,Requires that the settlement release expressly exclude any waiver of any penalties from its scope.
1371,Legal,1,Extraction (recall),Not primary objective,[],0,6.666666666666667,6.666666666666667,States that Virginia Code § 18.2-47 governs the crime of abduction.
1371,Legal,2,Extraction (recall),Not primary objective,[],2,6.666666666666667,20.0,"States that under Virginia Code § 18.2-47 any person who 1) by force, intimidation or deception 2) seizes, takes, transports, detains or secretes another person 3) with the intent to deprive such other person of his personal liberty shall be deemed guilty of 'abduction.'"
1371,Legal,3,Extraction (recall),Not primary objective,[],4,6.666666666666667,33.333333333333336,States that a defendant can be convicted of abduction in addition to robbery if the victim's detention is separate and apart from the restraint employed in the commission of robbery.
1371,Legal,4,Extraction (recall),Primary objective(s),[],4,6.666666666666667,33.333333333333336,States that a defendant cannot be convicted of abduction in addition to robbery if the victim's detention is merely incidental to the restraint employed in the commission of robbery.
1371,Legal,5,Extraction (recall),Not primary objective,[],4,6.666666666666667,33.333333333333336,States that all of the following factors are central to determining whether an abduction is incidental to another crime: 1) the duration of the detention; 2) whether the detention occurred during the commission of a separate offense; 3) whether the detention which occurred is inherent in the separate offense; and 4) whether the detention created a significant danger to the victim independent of that posed by the separate offense.
1371,Legal,6,Extraction (recall),Not primary objective,[],6,6.666666666666667,46.666666666666664,"Identifies all of the following as elements of robbery: the taking, with intent to steal, of the personal property of another, from his person or in his presence, against his will, and by violence or intimidation."
1371,Legal,7,Extraction (recall),Not primary objective,[],3,6.666666666666667,26.666666666666668,Identifies that Jim told Bobby to lay on the floor after striking Bobby.
1371,Legal,8,Extraction (recall),Not primary objective,[],3,6.666666666666667,26.666666666666668,Identifies that Jim took Bobby's belongings.
1371,Legal,9,Reasoning,Primary objective(s),"[6, 7, 8]",2,6.666666666666667,20.0,Concludes that Jim is likely to be convicted of robbery for the taking of Bobby's belongings from his person by violence.
1371,Legal,10,Reasoning,Primary objective(s),"[3, 4, 5, 9, 7, 8]",1,6.666666666666667,13.333333333333334,Concludes that Bobby's detention was incidental to the crime of robbery against him.
1371,Legal,11,Reasoning,Primary objective(s),"[10, 2, 4]",0,6.666666666666667,6.666666666666667,Concludes that Jim is not likely to be convicted of abduction pursuant to Virginia Code § 18.2-47 in relation to Bobby.
1371,Legal,12,Reasoning,Primary objective(s),[6],2,6.666666666666667,20.0,Concludes that Jim likely committed robbery of the bank.
1371,Legal,13,Extraction (recall),Not primary objective,[],2,6.666666666666667,20.0,Identifies that Jim commanded the Bank teller (Janet) to lay face down on the floor after she put the money in the bag.
1371,Legal,14,Reasoning,Primary objective(s),"[3, 4, 5, 12, 13]",1,6.666666666666667,13.333333333333334,Concludes that the bank teller's (Janet's) detention was incidental to the robbery of the bank.
1371,Legal,15,Reasoning,Primary objective(s),"[2, 4, 14]",0,6.666666666666667,6.666666666666667,Concludes that Jim is not likely to be convicted of abduction pursuant to Virginia Code 18.2-47 in relation to the Bank teller (Janet).
1382,Legal,1,Extraction (recall) + Reasoning,Primary objective(s),[],0,12.5,12.5,Recognizes that Spain is subject to the terms set forth in the Convention.
1382,Legal,2,Extraction (recall),Primary objective(s),[],3,12.5,50.0,"Identifies that under Article 5 of the Convention, lines anchored in the sea shall be marked in order to indicate their position."
1382,Legal,3,Extraction (recall),Primary objective(s),[],2,12.5,37.5,"Identifies that under Article 9(5) of the Convention, if an authorized officer has reason to believe that a vessel of any Contracting Party is not complying with the provisions of the convention, he may seek to obtain the necessary information from the vessel."
1382,Legal,4,Extraction (recall) + Reasoning,Primary objective(s),[2],2,12.5,37.5,Notes that the Belgian officers had reason to believe that the Spanish vessel was not complying with the Convention.
1382,Legal,5,Extraction (recall) + Reasoning,Primary objective(s),"[3, 4]",1,12.5,25.0,Notes that the Belgian officers were acting in accordance with Article 9(5) of the Convention.
1382,Legal,6,Extraction (recall),Primary objective(s),[],0,12.5,12.5,"Identifies that under Article 14(3) of the Convention, a Contracting Party may reserve the right to not apply the terms set forth in Article 9(5)."
1382,Legal,7,Extraction (recall),Primary objective(s),[],1,12.5,25.0,Identifies that Spain reserved the right to not apply the terms set forth in Article 9(5) with respect to all Contracting Parties.
1382,Legal,8,Extraction (recall) + Reasoning,Primary objective(s),"[5, 7]",0,12.5,12.5,Concludes that the review board will likely side with Spain.
1398,Legal,1,Extraction (recall),Not primary objective,[],0,11.11111111111111,11.11111111111111,Identifies that the first step of the five-step sequential evaluation process is whether the claimant is engaging in substantial gainful activity.
1398,Legal,2,Extraction (recall) + Reasoning,Primary objective(s),[],0,11.11111111111111,11.11111111111111,Determines that Ms. Strum has not engaged in substantial gainful activity since 2023.
1398,Legal,3,Extraction (recall),Not primary objective,[],0,11.11111111111111,11.11111111111111,Identifies that the second step of the five-step sequential evaluation process is whether the claimant has a medically determinable impairment that is both of the following: severe and meets the duration requirement.
1398,Legal,4,Extraction (recall) + Reasoning,Primary objective(s),[],0,11.11111111111111,11.11111111111111,Determines that Ms. Strum's medically determinable impairments are severe.
1398,Legal,5,Extraction (recall) + Reasoning,Primary objective(s),[],0,11.11111111111111,11.11111111111111,Determines that Ms. Strum's medically determinable impairments meet the duration requirement.
1398,Legal,6,Extraction (recall),Not primary objective,[],1,11.11111111111111,22.22222222222222,Identifies that the third step of the five-step sequential evaluation process is whether the claimant has an impairment that meets a listing (or is medically equal to a listing in appendix 1).
1398,Legal,7,Extraction (recall) + Reasoning,Primary objective(s),[],0,11.11111111111111,11.11111111111111,Determines that Ms. Strum cannot meet the criteria for Listing 5.06.
1398,Legal,8,Extraction (recall) + Reasoning,Primary objective(s),[],1,11.11111111111111,22.22222222222222,Determines that Ms. Strum can meet the criteria for Listing 5.08
1398,Legal,9,Extraction (recall) + Reasoning,Primary objective(s),"[6, 8]",0,11.11111111111111,11.11111111111111,Determines that the Social Security Administration will find Ms. Strum is disabled.
1757,Legal,1,Extraction (recall),Primary objective(s),[],0,11.11111111111111,11.11111111111111,"States that when a will was last in the possession of the testator and goes missing upon their death, then courts impute a presumption that the will was revoked"
1757,Legal,2,Extraction (recall),Primary objective(s),[],0,11.11111111111111,11.11111111111111,"States that when there are multiple original wills, all of the wills must be presented to the court to avoid the presumption of revocation"
1757,Legal,3,Extraction (recall),Primary objective(s),[],5,11.11111111111111,66.66666666666667,States that Berry executed two wills.
1757,Legal,4,Extraction (recall),Primary objective(s),[3],4,11.11111111111111,55.55555555555556,States that both wills were last in Berry's possession.
1757,Legal,5,Extraction (recall),Primary objective(s),[4],3,11.11111111111111,44.44444444444444,States that the will previously located in the Hampton home went missing.
1757,Legal,6,Extraction (recall) + Reasoning,Primary objective(s),[5],2,11.11111111111111,33.333333333333336,States that the court will likely find a presumption that Berry revoked his will.
1757,Legal,7,Extraction (recall) + Reasoning,Primary objective(s),[6],1,11.11111111111111,22.22222222222222,States that Berry's property would likely pass through intestacy.
1757,Legal,8,Extraction (recall) + Reasoning,Primary objective(s),[7],0,11.11111111111111,11.11111111111111,States that each of Berry's issue would receive an equal share of the property under the laws of intestacy.
1757,Legal,9,Reasoning,Primary objective(s),[],0,11.11111111111111,11.11111111111111,The proponent of the Hamptons will cannot overcome the presumption of revocation.
1155,Medicine,1,Extraction (recall) + Reasoning,Primary objective(s),"[2, 3]",0,11.11111111111111,11.11111111111111,Recommends the child receive a repeat dose of Hepatitis B (Hep B) vaccine today.
1155,Medicine,2,Reasoning,Primary objective(s),[],1,11.11111111111111,22.22222222222222,Recognizes that the child received his third Hepatitis B dose 5 weeks after his second dose.
1155,Medicine,3,Extraction (recall) + Reasoning,Primary objective(s),[],1,11.11111111111111,22.22222222222222,Specifies that the minimum interval between the second and third doses of Hepatitis B should be 8 weeks.
1155,Medicine,4,Extraction (recall) + Reasoning,Primary objective(s),[],0,11.11111111111111,11.11111111111111,Recommends that the Influenza vaccine should be administered today.
1155,Medicine,5,Extraction (recall) + Reasoning,Primary objective(s),[],3,11.11111111111111,44.44444444444444,States the AAP recommends COVID vaccine for children aged 6 months through 23 months.
1155,Medicine,6,Extraction (recall) + Reasoning,Primary objective(s),[5],2,11.11111111111111,33.333333333333336,Recommends that the first dose of the COVID vaccine should be administered today.
1155,Medicine,7,Extraction (recall) + Reasoning,Primary objective(s),[6],1,11.11111111111111,22.22222222222222,States that the initial COVID vaccine series for an infant is a 2-dose series.
1155,Medicine,8,Extraction (recall) + Reasoning,Primary objective(s),[7],0,11.11111111111111,11.11111111111111,Recommends that the second dose of the COVID vaccine should be administered in 4 to 8 weeks from the current visit.
1155,Medicine,9,Extraction (recall) + Reasoning,Not primary objective,[],0,11.11111111111111,11.11111111111111,Concludes the child is up to date on other childhood vaccinations.
1340,Medicine,1,Reasoning,Primary objective(s),[7],0,8.333333333333334,8.333333333333334,Recommends consulting infectious disease.
1340,Medicine,2,Reasoning,Not primary objective,[],2,8.333333333333334,25.0,Identifies that the microbiological features of the blood culture are consistent with Klebsiella pneumoniae.
1340,Medicine,3,Reasoning,Not primary objective,"[2, 4]",1,8.333333333333334,16.666666666666668,States that the patient likely has Klebsiella pneumoniae bacteremia.
1340,Medicine,4,Reasoning,Not primary objective,[5],2,8.333333333333334,25.0,States that the patient's liver abscess is the likely source of the Klebsiella pneumoniae bacteremia.
1340,Medicine,5,Reasoning,Not primary objective,[],3,8.333333333333334,33.333333333333336,Identifies at least one of the following risk factors of Klebsiella pneumoniae related liver abscess in the patient: Southeast Asian descent or diabetes.
1340,Medicine,6,Reasoning,Not primary objective,[],2,8.333333333333334,25.0,States that the antibiotic regimen should be guided by treatment response.
1340,Medicine,7,Reasoning,Primary objective(s),[6],1,8.333333333333334,16.666666666666668,States that the infectious diseases team should manage the antibiotics.
1340,Medicine,8,Reasoning,Primary objective(s),[12],0,8.333333333333334,8.333333333333334,Recommends consulting ophthalmology.
1340,Medicine,9,Reasoning,Primary objective(s),[3],0,8.333333333333334,8.333333333333334,States that Klebsiella pneumoniae bacteremia can cause endogenous endophthalmitis (EE).
1340,Medicine,10,Reasoning,Not primary objective,[],0,8.333333333333334,8.333333333333334,States either of the following as a symptom of endogenous Klebsiella endophthalmitis in this patient: eye redness or eye discomfort.
1340,Medicine,11,Reasoning,Primary objective(s),[],2,8.333333333333334,25.0,States that endogenous Klebsiella endophthalmitis can cause vision loss.
1340,Medicine,12,Reasoning,Primary objective(s),[11],1,8.333333333333334,16.666666666666668,States that ophthalmological screening can support prompt diagnosis of endogenous Klebsiella endophthalmitis.
1344,Medicine,1,Reasoning,Not primary objective,[],6,8.333333333333334,58.333333333333336,Utilizes the Forrest classification.
1344,Medicine,2,Reasoning,Primary objective(s),"[1, 3, 12]",2,8.333333333333334,25.0,States that the first ulcer is Forrest grade 2b.
1344,Medicine,3,Reasoning,Not primary objective,[],3,8.333333333333334,33.333333333333336,Recognizes the endoscopist's description of the first ulcer contains a clot.
1344,Medicine,4,Reasoning,Not primary objective,[],4,8.333333333333334,41.666666666666664,Describes a Forrest grade 2b ulcer as an adherent clot.
1344,Medicine,5,Reasoning,Primary objective(s),[2],0,8.333333333333334,8.333333333333334,States the rebleeding risk of a Forrest grade 2b ulcer is 20 to 30%.
1344,Medicine,6,Reasoning,Primary objective(s),[2],0,8.333333333333334,8.333333333333334,States the mortality risk of a Forrest grade 2b ulcer is 7%.
1344,Medicine,7,Reasoning,Primary objective(s),"[8, 9, 1]",2,8.333333333333334,25.0,States that the second ulcer is Forrest grade 3.
1344,Medicine,8,Reasoning,Not primary objective,[],3,8.333333333333334,33.333333333333336,Recognizes the endoscopist's description of the second ulcer having a clean base.
1344,Medicine,9,Reasoning,Not primary objective,[],3,8.333333333333334,33.333333333333336,Describes a Forrest grade 3 ulcer as a clean-based ulcer.
1344,Medicine,10,Reasoning,Primary objective(s),[7],0,8.333333333333334,8.333333333333334,States the rebleeding risk of a Forrest grade 3 ulcer is 5 to 10%.
1344,Medicine,11,Reasoning,Primary objective(s),[7],0,8.333333333333334,8.333333333333334,States the mortality risk of a Forrest grade 3 ulcer is 1-2%.
1344,Medicine,12,Reasoning,Not primary objective,[4],3,8.333333333333334,33.333333333333336,Recognizes the endoscopist's description that the clot in the first ulcer is resistant to vigorous irrigation.
1345,Medicine,1,Extraction (recall) + Reasoning,Not primary objective,[],6,4.545454545454546,31.818181818181817,States that the patient' pain is a symptom of limb ischemia.
1345,Medicine,2,Extraction (recall) + Reasoning,Not primary objective,[],6,4.545454545454546,31.818181818181817,States that the patient's pulselessness is a symptom of limb ischemia.
1345,Medicine,3,Extraction (recall) + Reasoning,Not primary objective,[],6,4.545454545454546,31.818181818181817,States that the patient's discoloration is a symptom of limb ischemia.
1345,Medicine,4,Extraction (recall) + Reasoning,Not primary objective,[],7,4.545454545454546,36.36363636363637,States the patient's symptoms are acute.
1345,Medicine,5,Extraction (recall) + Reasoning,Not primary objective,[4],6,4.545454545454546,31.818181818181817,States the patient's acute onset of symptoms are consistent with acute limb ischemia.
1345,Medicine,6,Extraction (recall) + Reasoning,Not primary objective,"[1, 2, 3, 5]",5,4.545454545454546,27.272727272727273,Concludes that the patient has acute limb ischemia.
1345,Medicine,7,Extraction (recall) + Reasoning,Primary objective(s),[],4,4.545454545454546,22.727272727272727,States that the patient's history of an abdominal aortic aneurysm (AAA) increases his risk for a popliteal artery aneurysm.
1345,Medicine,8,Extraction (recall) + Reasoning,Primary objective(s),[],4,4.545454545454546,22.727272727272727,States that patient's smoking history increases his risk for a popliteal artery aneurysms.
1345,Medicine,9,Reasoning,Primary objective(s),[],5,4.545454545454546,27.272727272727273,States that thrombosis is a complication of popliteal artery aneurysms.
1345,Medicine,10,Reasoning,Primary objective(s),"[9, 6]",4,4.545454545454546,22.727272727272727,States that popliteal artery aneurysm thrombosis can present as acute limb ischemia.
1345,Medicine,11,Extraction (recall) + Reasoning,Primary objective(s),[],5,4.545454545454546,27.272727272727273,States the patient has claudication.
1345,Medicine,12,Extraction (recall) + Reasoning,Primary objective(s),[11],4,4.545454545454546,22.727272727272727,States that the patient's claudication can be a symptom of popliteal artery aneurysm thrombosis.
1345,Medicine,13,Extraction (recall) + Reasoning,Primary objective(s),[],4,4.545454545454546,22.727272727272727,States that the patient's distribution of symptoms is consistent with a popliteal artery thrombosis.
1345,Medicine,14,Reasoning,Primary objective(s),[],4,4.545454545454546,22.727272727272727,States that the patient's imaging makes an embolic source proximal to the popliteal artery less likely.
1345,Medicine,15,Extraction (recall) + Reasoning,Primary objective(s),"[7, 8, 10, 12, 13, 14]",3,4.545454545454546,18.181818181818183,Concludes that the patient's acute limb ischemia was most likely caused by a popliteal artery aneurysm thrombosis.
1345,Medicine,16,Reasoning,Primary objective(s),[15],2,4.545454545454546,13.636363636363637,States that popliteal artery aneurysms can be screened for by Duplex ultrasound.
1345,Medicine,17,Reasoning,Primary objective(s),[16],1,4.545454545454546,9.090909090909092,States that Duplex ultrasound is more specific than ankle-brachial index for aneurysm detection.
1345,Medicine,18,Extraction (recall),Primary objective(s),[],4,4.545454545454546,22.727272727272727,States that this patient had a 7.1 cm abdominal aortic aneurysm (AAA) prior to repair.
1345,Medicine,19,Extraction (recall) + Reasoning,Primary objective(s),[18],3,4.545454545454546,18.181818181818183,Classifies this patient's AAA as large.
1345,Medicine,20,Reasoning,Primary objective(s),[19],2,4.545454545454546,13.636363636363637,States that screening for popliteal artery aneurysms is indicated for patients with large AAAs.
1345,Medicine,21,Reasoning,Primary objective(s),[20],1,4.545454545454546,9.090909090909092,States that early detection of popliteal artery aneurysms can prevent complications such as thrombosis.
1345,Medicine,22,Reasoning,Primary objective(s),"[15, 21, 16, 17]",0,4.545454545454546,4.545454545454546,Concludes that a Duplex ultrasound of the popliteal arteries may have prevented this patient's acute limb ischemia.
1352,Medicine,1,Reasoning,Primary objective(s),[],5,7.142857142857143,42.857142857142854,"Utilizes the Prostate Imaging Reporting and Data System, version 2.1 (PI-RADS v2.1)."
1352,Medicine,2,Extraction (recall),Not primary objective,[],5,7.142857142857143,42.857142857142854,States that the assessment is for a lesion located in the peripheral zone of the prostate.
1352,Medicine,3,Reasoning,Primary objective(s),"[1, 2]",4,7.142857142857143,35.714285714285715,"States that, for peripheral zone lesions, the dominant sequence for assigning the overall PI-RADS v2.1 score is diffusion-weighted imaging (DWI)."
1352,Medicine,4,Reasoning,Not primary objective,[],6,7.142857142857143,50.0,"Defines a high b-value on DWI as ≥1,400 sec/mm²."
1352,Medicine,5,Reasoning,Not primary objective,[4],5,7.142857142857143,42.857142857142854,Recognizes that a high b-value was used for this patient's DWI sequence.
1352,Medicine,6,Extraction (recall),Primary objective(s),[5],4,7.142857142857143,35.714285714285715,Identifies that the patient demonstrates a focal moderate hyperintensity on high b-value DWI.
1352,Medicine,7,Reasoning,Primary objective(s),"[3, 6]",3,7.142857142857143,28.571428571428573,Mentions a focal moderate hyperintensity on high b-value DWI receives a DWI score of 3 under PI-RADS v2.1.
1352,Medicine,8,Reasoning,Not primary objective,[],4,7.142857142857143,35.714285714285715,States that permeability magnetic resonance imaging (MRI) is equivalent to dynamic contrast-enhanced (DCE) MRI.
1352,Medicine,9,Reasoning,Primary objective(s),[],4,7.142857142857143,35.714285714285715,States that focal early enhancement corresponding to the DWI lesion indicates a positive DCE score.
1352,Medicine,10,Extraction (recall),Primary objective(s),[],4,7.142857142857143,35.714285714285715,Identifies the patient has focal early enhancement corresponding to the DWI lesion on permeability MRI.
1352,Medicine,11,Extraction (recall) + Reasoning,Primary objective(s),"[8, 9, 10]",3,7.142857142857143,28.571428571428573,Recognizes that the patient has a positive DCE score.
1352,Medicine,12,Reasoning,Primary objective(s),"[7, 11]",2,7.142857142857143,21.428571428571427,States that a positive DCE upgrades a DWI score of 3 to form an overall PI-RADS v2.1 score of 4.
1352,Medicine,13,Reasoning,Primary objective(s),[12],1,7.142857142857143,14.285714285714286,States that the patient's DWI score under PI-RADS v2.1 is 4.
1352,Medicine,14,Reasoning,Not primary objective,[13],0,7.142857142857143,7.142857142857143,States that a PI-RADS v2.1 score of 4 puts the patient at high risk of a clinically significant prostate cancer.
1368,Medicine,1,Extraction (recall) + Reasoning,Primary objective(s),[],8,6.666666666666667,60.0,States that the patient's description of the treatment being produced by bacteria is consistent with porphyrins.
1368,Medicine,2,Reasoning,Primary objective(s),[1],3,6.666666666666667,26.666666666666668,States that aminolevulinic acid (ALA) is an early porphyrin precursor.
1368,Medicine,3,Reasoning,Primary objective(s),[2],2,6.666666666666667,20.0,States that ALA is a photosensitizer.
1368,Medicine,4,Reasoning,Primary objective(s),[3],1,6.666666666666667,13.333333333333334,States that ALA is used in the context of photodynamic therapy (PDT).
1368,Medicine,5,Extraction (recall),Primary objective(s),[],7,6.666666666666667,53.333333333333336,States the patient has pre-cancerous skin lesions.
1368,Medicine,6,Reasoning,Primary objective(s),[5],6,6.666666666666667,46.666666666666664,States that PDT is used to treat pre-cancerous skin lesions.
1368,Medicine,7,Extraction (recall) + Reasoning,Primary objective(s),[6],0,6.666666666666667,6.666666666666667,States that the patient's description of the treatment also being used for acne is consistent with PDT.
1368,Medicine,8,Reasoning,Primary objective(s),"[4, 2, 6]",0,6.666666666666667,6.666666666666667,Concludes that ALA is one of the topical treatment the patient is likely using.
1368,Medicine,9,Extraction (recall) + Reasoning,Primary objective(s),[6],1,6.666666666666667,13.333333333333334,Lists erythema as a common side effect of PDT.
1368,Medicine,10,Extraction (recall) + Reasoning,Primary objective(s),[6],1,6.666666666666667,13.333333333333334,Lists desquamation as a common side effect of PDT.
1368,Medicine,11,Reasoning,Primary objective(s),"[9, 10]",0,6.666666666666667,6.666666666666667,"Lists two of the following as appropriate PDT aftercare treatments: cool compresses, corticosteroids, or bland emollients."
1368,Medicine,12,Reasoning,Primary objective(s),[1],3,6.666666666666667,26.666666666666668,States that methyl aminolevulinate (MAL) is an early porphyrin precursor.
1368,Medicine,13,Reasoning,Primary objective(s),[12],2,6.666666666666667,20.0,States that MAL is a photosensitizer.
1368,Medicine,14,Reasoning,Primary objective(s),[13],1,6.666666666666667,13.333333333333334,States that MAL is used in the context of photodynamic therapy (PDT).
1368,Medicine,15,Reasoning,Primary objective(s),"[14, 12, 6]",0,6.666666666666667,6.666666666666667,Concludes that MAL is one of the topical treatment the patient is likely using.
1354,Medicine,1,Reasoning,Not primary objective,[],2,5.555555555555555,16.666666666666668,Recognizes that the patient has chronic post-surgical hypoparathyroidism.
1354,Medicine,2,Reasoning,Not primary objective,[],7,5.555555555555555,44.44444444444444,States that recombinant human parathyroid hormone (rhPTH) is short-acting.
1354,Medicine,3,Reasoning,Primary objective(s),"[6, 4, 9, 11, 16, 18]",0,5.555555555555555,5.555555555555555,States that the correct next step in management is to start palopegteriparatide (Yorvipath).
1354,Medicine,4,Reasoning,Not primary objective,[1],1,5.555555555555555,11.11111111111111,States that palopegteriparatide is approved by the United States Food and Drug Administration (FDA) for use in hypoparathyroidism.
1354,Medicine,5,Reasoning,Primary objective(s),[8],3,5.555555555555555,22.22222222222222,States that the long-acting nature of palopegteriparatide maintains more stable serum calcium levels.
1354,Medicine,6,Reasoning,Primary objective(s),[7],1,5.555555555555555,11.11111111111111,States that palopegteriparatide reduces the patient's pill burden.
1354,Medicine,7,Reasoning,Primary objective(s),[5],2,5.555555555555555,16.666666666666668,States that palopegteriparatide can maintain serum calcium levels without supplementation.
1354,Medicine,8,Reasoning,Primary objective(s),[],4,5.555555555555555,27.77777777777778,States that palopegteriparatide is long-acting.
1354,Medicine,9,Reasoning,Not primary objective,[10],1,5.555555555555555,11.11111111111111,States that thiazide diuretics add to the patient's pill burden.
1354,Medicine,10,Reasoning,Not primary objective,[],2,5.555555555555555,16.666666666666668,States that the patient may still need calcium supplementation while on thiazide diuretics.
1354,Medicine,11,Reasoning,Not primary objective,[],1,5.555555555555555,11.11111111111111,States that rhPTH has been discontinued globally.
1354,Medicine,12,Reasoning,Not primary objective,[2],5,5.555555555555555,33.333333333333336,States that serum calcium levels peak after an rhPTH dose.
1354,Medicine,13,Reasoning,Not primary objective,[2],5,5.555555555555555,33.333333333333336,States that serum calcium levels decline after they peak.
1354,Medicine,14,Reasoning,Not primary objective,"[12, 13]",4,5.555555555555555,27.77777777777778,States that the short-acting nature of rhPTH causes unstable serum calcium levels.
1354,Medicine,15,Reasoning,Primary objective(s),[14],2,5.555555555555555,16.666666666666668,States that unstable serum calcium levels require frequent calcium supplementation.
1354,Medicine,16,Reasoning,Primary objective(s),[15],1,5.555555555555555,11.11111111111111,Recognizes that the patient is experiencing pill burden from frequent calcium supplementation while on rhPTH.
1354,Medicine,17,Extraction (recall) + Reasoning,Primary objective(s),[],2,5.555555555555555,16.666666666666668,Recognizes that the patient has clinical features of hypocalcemia.
1354,Medicine,18,Reasoning,Primary objective(s),"[17, 14]",1,5.555555555555555,11.11111111111111,States that unstable serum calcium levels while on rhPTH manifests as symptoms in the patient.
1389,Medicine,1,Extraction (recall),Primary objective(s),[],5,5.882352941176471,35.294117647058826,States that the patient's electrocardiogram (ECG) axis is at 120°.
1389,Medicine,2,Extraction (recall),Primary objective(s),[],5,5.882352941176471,35.294117647058826,States that the patient's ECG has rS pattern in lead I.
1389,Medicine,3,Extraction (recall),Primary objective(s),[],5,5.882352941176471,35.294117647058826,States that the patient's ECG has rS pattern in lead aVL.
1389,Medicine,4,Extraction (recall),Primary objective(s),[],5,5.882352941176471,35.294117647058826,States that the patient's ECG has qR pattern in lead III.
1389,Medicine,5,Extraction (recall),Primary objective(s),[],5,5.882352941176471,35.294117647058826,States that the patient's ECG has qR pattern in lead aVF.
1389,Medicine,6,Reasoning,Primary objective(s),"[1, 2, 3, 5, 4]",4,5.882352941176471,29.41176470588235,States that the patient has left posterior fascicular block.
1389,Medicine,7,Extraction (recall),Primary objective(s),[],4,5.882352941176471,29.41176470588235,States that the patient has right bundle branch block.
1389,Medicine,8,Reasoning,Primary objective(s),"[6, 7]",3,5.882352941176471,23.529411764705884,Identifies that the patient has bifasicular block.
1389,Medicine,9,Reasoning,Primary objective(s),[8],2,5.882352941176471,17.647058823529413,States that the patient is at risk for complete or high-grade heart block.
1389,Medicine,10,Reasoning,Primary objective(s),[9],0,5.882352941176471,5.882352941176471,Identifies complete or high-grade heart block as a cause of the patient's syncope.
1389,Medicine,11,Reasoning,Primary objective(s),[9],0,5.882352941176471,5.882352941176471,Recommends inpatient admission for continuous ECG monitoring.
1389,Medicine,12,Reasoning,Primary objective(s),[],0,5.882352941176471,5.882352941176471,Recommends an echocardiogram.
1389,Medicine,13,Extraction (recall) + Reasoning,Primary objective(s),[],3,5.882352941176471,23.529411764705884,States that the patient's systolic blood pressure decreased by 25 mmHg from supine to standing.
1389,Medicine,14,Reasoning,Primary objective(s),[],3,5.882352941176471,23.529411764705884,States that orthostatic hypotension is defined as a reduction of 20 mmHg or more in systolic pressure from supine to standing.
1389,Medicine,15,Reasoning,Primary objective(s),"[13, 14]",2,5.882352941176471,17.647058823529413,States that the patient has orthostatic hypotension.
1389,Medicine,16,Reasoning,Primary objective(s),[15],0,5.882352941176471,5.882352941176471,Identifies orthostatic hypotension as a cause of the patient's syncope.
1389,Medicine,17,Reasoning,Primary objective(s),[15],0,5.882352941176471,5.882352941176471,Recommends stopping blood pressure medications.
1359,Medicine,1,Extraction (recall) + Reasoning,Primary objective(s),[9],0,4.545454545454546,4.545454545454546,"Recommends that the child should receive a Measles, Mumps and Rubella (MMR) vaccine today."
1359,Medicine,2,Extraction (recall) + Reasoning,Primary objective(s),[13],0,4.545454545454546,4.545454545454546,Recommends that the child should receive a Varicella vaccine today.
1359,Medicine,3,Extraction (recall),Primary objective(s),[21],4,4.545454545454546,22.727272727272727,States that any vaccine administered 5 or more days earlier than the minimum age is invalid.
1359,Medicine,4,Extraction (recall),Primary objective(s),[21],2,4.545454545454546,13.636363636363637,"States that if an invalid vaccine dose was given, it should be repeated at the appropriate age."
1359,Medicine,5,Extraction (recall),Not primary objective,[],3,4.545454545454546,18.181818181818183,States the child received his first MMR vaccine on 4th March 2023.
1359,Medicine,6,Extraction (recall) + Reasoning,Not primary objective,[],6,4.545454545454546,31.818181818181817,States the child's date of birth is 10th March 2022.
1359,Medicine,7,Extraction (recall),Primary objective(s),[21],3,4.545454545454546,18.181818181818183,States the minimum age for the first MMR vaccine is 12 months.
1359,Medicine,8,Extraction (recall) + Reasoning,Primary objective(s),"[5, 6, 7]",2,4.545454545454546,13.636363636363637,States that the child received the first MMR vaccine 5 days before turning 12 months old.
1359,Medicine,9,Extraction (recall) + Reasoning,Primary objective(s),"[8, 3]",1,4.545454545454546,9.090909090909092,Concludes that the child's first MMR vaccine was invalid.
1359,Medicine,10,Extraction (recall),Primary objective(s),[],3,4.545454545454546,18.181818181818183,States that the child received the first Varicella vaccine dose on 4th March 2023.
1359,Medicine,11,Extraction (recall),Primary objective(s),[21],3,4.545454545454546,18.181818181818183,States that the minimum age for the first dose of the Varicella vaccine is 12 months.
1359,Medicine,12,Extraction (recall) + Reasoning,Primary objective(s),"[10, 11, 6]",2,4.545454545454546,13.636363636363637,States that the child received his first dose of the Varicella vaccine 5 days before he turned 12 months old.
1359,Medicine,13,Extraction (recall) + Reasoning,Primary objective(s),"[12, 3, 4]",1,4.545454545454546,9.090909090909092,Concludes that the child's first dose of the Varicella vaccine was invalid.
1359,Medicine,14,Extraction (recall),Primary objective(s),[21],2,4.545454545454546,13.636363636363637,States the COVID vaccine is recommended for children aged 6 months through 23 months.
1359,Medicine,15,Extraction (recall) + Reasoning,Not primary objective,[],2,4.545454545454546,13.636363636363637,Recognizes that the child is 3 years and 7 months old.
1359,Medicine,16,Extraction (recall),Primary objective(s),"[14, 15]",1,4.545454545454546,9.090909090909092,States that the child has not received his COVID vaccine yet.
1359,Medicine,17,Extraction (recall) + Reasoning,Primary objective(s),[16],0,4.545454545454546,4.545454545454546,Recommends that the child receives a COVID-19 vaccine during the present visit.
1359,Medicine,18,Extraction (recall),Primary objective(s),[21],1,4.545454545454546,9.090909090909092,States that an annual influenza vaccine is recommended for children above 6 months of age.
1359,Medicine,19,Extraction (recall),Primary objective(s),[],1,4.545454545454546,9.090909090909092,Recognizes that the child has not received his influenza vaccine for the year 2025.
1359,Medicine,20,Extraction (recall) + Reasoning,Primary objective(s),"[18, 19, 22]",0,4.545454545454546,4.545454545454546,Recommends that the child receives an influenza vaccine during the present visit.
1359,Medicine,21,Reasoning,Primary objective(s),[],15,4.545454545454546,72.72727272727273,Utilizes recommendations from the AAP.
1359,Medicine,22,Reasoning,Primary objective(s),[],1,4.545454545454546,9.090909090909092,Recognizes that the present clinic visit is in October 2025.
1407,Medicine,1,Reasoning,Primary objective(s),[],6,7.142857142857143,50.0,States that the patient's pants feel tighter.
1407,Medicine,2,Reasoning,Primary objective(s),[1],5,7.142857142857143,42.857142857142854,States that the patient's tighter pants could indicate weight gain
1407,Medicine,3,Reasoning,Primary objective(s),[2],4,7.142857142857143,35.714285714285715,States that the patient's actual body weight should be measured.
1407,Medicine,4,Reasoning,Primary objective(s),[3],3,7.142857142857143,28.571428571428573,States that the resmetirom dosing will depend on the patient's weight.
1407,Medicine,5,Reasoning,Primary objective(s),[4],0,7.142857142857143,7.142857142857143,"States that if a patient's weight is 220 pounds or greater, the resmetirom dose should be 100 mg."
1407,Medicine,6,Reasoning,Primary objective(s),[],6,7.142857142857143,50.0,States that the patient is currently taking loratadine.
1407,Medicine,7,Reasoning,Primary objective(s),[],6,7.142857142857143,50.0,States that loratadine is a moderate cytochrome P450 CYP2C8 inhibitor.
1407,Medicine,8,Reasoning,Primary objective(s),[],6,7.142857142857143,50.0,States that resmetirom is metabolized by CYP2C8.
1407,Medicine,9,Reasoning,Primary objective(s),"[6, 7, 8]",5,7.142857142857143,42.857142857142854,"States that if resmetirom is used with loratadine, the resmetirom level may increase."
1407,Medicine,10,Reasoning,Primary objective(s),[9],4,7.142857142857143,35.714285714285715,"States that if resmetirom is used with loratadine, the resmetirom dose may need to be reduced."
1407,Medicine,11,Reasoning,Primary objective(s),"[10, 4]",0,7.142857142857143,7.142857142857143,"Concludes that if a patient's weight is 220 pounds or greater, the resmetirom dose should be 80 mg while taking with loratadine."
1407,Medicine,12,Reasoning,Primary objective(s),"[10, 4]",0,7.142857142857143,7.142857142857143,"Concludes that if a patient's weight is below 220 pounds, the resmetirom dose should be 60 mg while taking with loratadine."
1407,Medicine,13,Reasoning,Not primary objective,[10],0,7.142857142857143,7.142857142857143,Concludes that the clinician should discuss the risks of continuing loratadine with the patient.
1407,Medicine,14,Reasoning,Not primary objective,[10],0,7.142857142857143,7.142857142857143,Concludes that the clinician should discuss the benefits of continuing loratadine with the patient.
1415,Medicine,1,Reasoning,Primary objective(s),[],4,6.25,31.25,States that the patient's non-bloody diarrhea has lasted for 4 weeks.
1415,Medicine,2,Reasoning,Primary objective(s),[1],3,6.25,25.0,States that the patient has chronic diarrhea.
1415,Medicine,3,Reasoning,Primary objective(s),[],3,6.25,25.0,Identifies microscopic colitis as a cause of chronic diarrhea.
1415,Medicine,4,Reasoning,Primary objective(s),[],3,6.25,25.0,States that the patient is 45 years old.
1415,Medicine,5,Reasoning,Primary objective(s),[],3,6.25,25.0,States that middle age is a risk factor for microscopic colitis.
1415,Medicine,6,Reasoning,Primary objective(s),[],3,6.25,25.0,States that the patient has Hashimoto's thyroiditis.
1415,Medicine,7,Reasoning,Primary objective(s),[],3,6.25,25.0,States that Hashimoto's thyroiditis is associated with microscopic colitis.
1415,Medicine,8,Extraction (recall),Primary objective(s),[],3,6.25,25.0,States that the patient smokes cigarettes.
1415,Medicine,9,Reasoning,Primary objective(s),[],3,6.25,25.0,States that smoking is a risk factor for microscopic colitis.
1415,Medicine,10,Extraction (recall),Primary objective(s),[],3,6.25,25.0,States that the patient has normal colonic mucosa on colonoscopy.
1415,Medicine,11,Reasoning,Primary objective(s),[],3,6.25,25.0,States that the colon appears normal on colonoscopy in microscopic colitis.
1415,Medicine,12,Extraction (recall),Primary objective(s),[],1,6.25,12.5,States that the patient did not have a colonic mucosa biopsy.
1415,Medicine,13,Reasoning,Primary objective(s),[],1,6.25,12.5,States that a colonic mucosa biopsy is required for diagnosis of microscopic colitis.
1415,Medicine,14,Reasoning,Primary objective(s),[16],0,6.25,6.25,Recommends a repeat colonoscopy.
1415,Medicine,15,Reasoning,Primary objective(s),"[12, 13, 16]",0,6.25,6.25,Recommends obtaining a colonic mucosa biopsy.
1415,Medicine,16,Reasoning,Primary objective(s),"[2, 3, 4, 5, 6, 7, 8, 9, 10, 11]",2,6.25,18.75,Concludes that the patient's clinical symptoms suggest microscopic colitis.
1426,Medicine,1,Reasoning,Primary objective(s),[],1,7.142857142857143,14.285714285714286,States that the patient's diarrhea is associated with the diagnosis of Strongyloides hyperinfection syndrome.
1426,Medicine,2,Reasoning,Primary objective(s),[],1,7.142857142857143,14.285714285714286,States that the patient's dry cough is associated with the diagnosis of Strongyloides hyperinfection syndrome.
1426,Medicine,3,Extraction (recall) + Reasoning,Primary objective(s),[],1,7.142857142857143,14.285714285714286,States that the patient's eosinophilia is associated with the diagnosis of Strongyloides hyperinfection syndrome.
1426,Medicine,4,Extraction (recall) + Reasoning,Primary objective(s),[],1,7.142857142857143,14.285714285714286,States that the patient's erythematous rash is associated with the diagnosis of Strongyloides hyperinfection syndrome.
1426,Medicine,5,Reasoning,Primary objective(s),[],1,7.142857142857143,14.285714285714286,States that the patient's urticaria is associated with the diagnosis of Strongyloides hyperinfection syndrome.
1426,Medicine,6,Reasoning,Primary objective(s),[],2,7.142857142857143,21.428571428571427,Recognizes that the patient is from Puerto Rico.
1426,Medicine,7,Reasoning,Primary objective(s),[],2,7.142857142857143,21.428571428571427,Recognizes that Strongyloides infection is endemic in Puerto Rico.
1426,Medicine,8,Reasoning,Primary objective(s),"[6, 7]",1,7.142857142857143,14.285714285714286,States that the patient's origin is associated with the diagnosis of Strongyloides hyperinfection syndrome.
1426,Medicine,9,Reasoning,Primary objective(s),[],3,7.142857142857143,28.571428571428573,Recognizes that the patient recently received steroids.
1426,Medicine,10,Reasoning,Primary objective(s),[],3,7.142857142857143,28.571428571428573,Recognizes that the patient recently received cyclophosphamide.
1426,Medicine,11,Reasoning,Primary objective(s),[],3,7.142857142857143,28.571428571428573,Recognizes that at least one of the following medications is immunosuppressive: steroid or cyclophosphamide.
1426,Medicine,12,Reasoning,Primary objective(s),"[9, 10, 11]",2,7.142857142857143,21.428571428571427,States that the patient is immunosuppressed.
1426,Medicine,13,Reasoning,Primary objective(s),[12],1,7.142857142857143,14.285714285714286,States that the patient's immunosuppressed status is associated with the diagnosis of Strongyloides hyperinfection syndrome.
1426,Medicine,14,Reasoning,Primary objective(s),"[1, 2, 4, 5, 8, 13, 3]",0,7.142857142857143,7.142857142857143,Concludes that the most likely cause of the patient's symptoms is Strongyloides hyperinfection syndrome.
1431,Medicine,1,Reasoning,Primary objective(s),[],5,5.882352941176471,35.294117647058826,States that the risk of CVD events can be predicted by adolescent risk factors.
1431,Medicine,2,Reasoning,Primary objective(s),[1],1,5.882352941176471,11.764705882352942,Lists body mass index (BMI) as an adolescent risk factor.
1431,Medicine,3,Reasoning,Primary objective(s),[1],1,5.882352941176471,11.764705882352942,Lists hypertension as an adolescent risk factor.
1431,Medicine,4,Reasoning,Primary objective(s),[1],1,5.882352941176471,11.764705882352942,Lists smoking status as an adolescent risk factor.
1431,Medicine,5,Reasoning,Primary objective(s),[],5,5.882352941176471,35.294117647058826,States the patient is 14 years old.
1431,Medicine,6,Extraction (recall),Primary objective(s),[],3,5.882352941176471,23.529411764705884,States that the patient weighs 205 pounds.
1431,Medicine,7,Extraction (recall),Primary objective(s),[],5,5.882352941176471,35.294117647058826,States that the patient's height is 64 inches.
1431,Medicine,8,Reasoning,Primary objective(s),"[5, 6, 7, 17]",2,5.882352941176471,17.647058823529413,Concludes that the patient has a body mass index of 35.2 kg/m2 .
1431,Medicine,9,Reasoning,Primary objective(s),[8],1,5.882352941176471,11.764705882352942,States that a BMI of 35.2 kg/m2 in considered obese.
1431,Medicine,10,Extraction (recall),Primary objective(s),[],1,5.882352941176471,11.764705882352942,States that the patient's blood pressure is 116/73 mmHg.
1431,Medicine,11,Reasoning,Primary objective(s),"[5, 7]",1,5.882352941176471,11.764705882352942,States that the patient's height is in the 63rd percentile.
1431,Medicine,12,Reasoning,Primary objective(s),"[10, 11, 17]",0,5.882352941176471,5.882352941176471,States that the patient's blood pressure is normal.
1431,Medicine,13,Extraction (recall),Primary objective(s),[],0,5.882352941176471,5.882352941176471,States that the patient does not smoke.
1431,Medicine,14,Extraction (recall) + Reasoning,Primary objective(s),"[1, 2, 9, 16, 4, 3, 15]",0,5.882352941176471,5.882352941176471,Concludes that that patient has one risk factor for a CVD event.
1431,Medicine,15,Reasoning,Primary objective(s),[1],1,5.882352941176471,11.764705882352942,States that the adolescent risk factors do not require labs.
1431,Medicine,16,Extraction (recall),Primary objective(s),[],1,5.882352941176471,11.764705882352942,States that the patient does not vape.
1431,Medicine,17,Reasoning,Primary objective(s),[],4,5.882352941176471,29.41176470588235,States the patient is likely female.
1436,Medicine,1,Reasoning,Primary objective(s),"[2, 3, 7, 8, 10, 9, 11]",0,9.090909090909092,9.090909090909092,Identifies that Fregoli Syndrome is the most likely diagnosis.
1436,Medicine,2,Extraction (recall) + Reasoning,Primary objective(s),[],1,9.090909090909092,18.181818181818183,Identifies the patient exhibits a clear delusional belief.
1436,Medicine,3,Reasoning,Primary objective(s),[],2,9.090909090909092,27.272727272727273,Identifies that there is a change from his baseline mental state.
1436,Medicine,4,Reasoning,Primary objective(s),[3],0,9.090909090909092,9.090909090909092,States that a change in the baseline mental state is consistent with Fregoli Syndrome.
1436,Medicine,5,Extraction (recall) + Reasoning,Primary objective(s),[],3,9.090909090909092,36.36363636363637,Identifies the delusion has a persecutory nature.
1436,Medicine,6,Extraction (recall) + Reasoning,Primary objective(s),[5],2,9.090909090909092,27.272727272727273,Identifies there is a single persecutor.
1436,Medicine,7,Extraction (recall) + Reasoning,Primary objective(s),[6],1,9.090909090909092,18.181818181818183,Identifies that the single persecutor is a 'master of disguise'.
1436,Medicine,8,Reasoning,Primary objective(s),[],1,9.090909090909092,18.181818181818183,Identifies the absence of hallucinations is not consistent with schizophrenia.
1436,Medicine,9,Extraction (recall) + Reasoning,Primary objective(s),[],1,9.090909090909092,18.181818181818183,Identifies that the patient consistently misidentifies multiple strangers as being one person.
1436,Medicine,10,Extraction (recall) + Reasoning,Primary objective(s),[],1,9.090909090909092,18.181818181818183,Identifies the patient's delusion causes them significant functional decline.
1436,Medicine,11,Extraction (recall) + Reasoning,Primary objective(s),[],1,9.090909090909092,18.181818181818183,Identifies that the patient's prior head injury is a risk factor for Fregoli syndrome.
1439,Medicine,1,Reasoning,Primary objective(s),[],14,4.0,60.0,States that Pulmicort Flexhaler is difficult to administer for a young child.
1439,Medicine,2,Reasoning,Primary objective(s),[],14,4.0,60.0,States that Pulmicort Flexhaler is an inhaled steroid.
1439,Medicine,3,Reasoning,Primary objective(s),[],14,4.0,60.0,States that a difficult Pulmicort Flexhaler administration can lead to inadequate medication delivery to the lungs.
1439,Medicine,4,Reasoning,Primary objective(s),[],14,4.0,60.0,States that inadequate inhaled steroid delivery can lead to poor asthma control.
1439,Medicine,5,Reasoning,Primary objective(s),"[1, 2, 3, 4]",13,4.0,56.0,States that difficult Pulmicort Flexhaler administration likely caused the patient's poor asthma control.
1439,Medicine,6,Extraction (recall) + Reasoning,Primary objective(s),[],13,4.0,56.0,States that a Pulmicort Flexhaler is the maintenance component of the patient's current combination inhaler therapy.
1439,Medicine,7,Extraction (recall) + Reasoning,Primary objective(s),[],13,4.0,56.0,States that an albuterol inhaler is the reliever component of the patient's current combination inhaler therapy.
1439,Medicine,8,Extraction (recall) + Reasoning,Primary objective(s),[],13,4.0,56.0,States that the patient's asthma is uncontrolled with the current combination inhaler therapy.
1439,Medicine,9,Extraction (recall) + Reasoning,Primary objective(s),[],13,4.0,56.0,States that the patient's asthma is categorized as moderate persistent asthma due to the patient's daily symptoms.
1439,Medicine,10,Reasoning,Primary objective(s),"[5, 6, 7, 8, 9]",12,4.0,52.0,Recommends switching the patient to SMART therapy (single maintenance and reliever therapy).
1439,Medicine,11,Reasoning,Primary objective(s),[10],11,4.0,48.0,Recommends using Symbicort as SMART therapy.
1439,Medicine,12,Reasoning,Primary objective(s),[11],3,4.0,16.0,States that Symbicort is a single metered dose inhaler.
1439,Medicine,13,Reasoning,Not primary objective,[11],0,4.0,4.0,States that an inhaled corticosteroid (ICS) is the maintenance component of Symbicort.
1439,Medicine,14,Reasoning,Not primary objective,[11],0,4.0,4.0,States that a long acting beta2 agonist (LABA) is the reliever component of Symbicort.
1439,Medicine,15,Reasoning,Primary objective(s),[12],2,4.0,12.0,States that a metered dose inhaler (MDI) is used with a spacer.
1439,Medicine,16,Reasoning,Primary objective(s),[15],1,4.0,8.0,States that an MDI with spacer is easier to administer to a young child.
1439,Medicine,17,Reasoning,Primary objective(s),[16],0,4.0,4.0,Concludes that Symbicort with a spacer is easier to administer than Pulmicort Flexhaler in a young child.
1439,Medicine,18,Reasoning,Primary objective(s),[11],0,4.0,4.0,States that Symbicort dose is 80/4.5 mcg.
1439,Medicine,19,Reasoning,Primary objective(s),[11],2,4.0,12.0,States that 2 puffs of Symbicort should be given per dose in the green zone.
1439,Medicine,20,Reasoning,Primary objective(s),[11],2,4.0,12.0,States that Symbicort should be given twice a day in the green zone.
1439,Medicine,21,Reasoning,Primary objective(s),"[19, 20]",1,4.0,8.0,States that the green zone dosing of Symbicort should be continued in the yellow zone.
1439,Medicine,22,Reasoning,Primary objective(s),[],3,4.0,16.0,States that additional dosing of Symbicort should be given in the yellow zone.
1439,Medicine,23,Reasoning,Primary objective(s),[22],0,4.0,4.0,States that 1 additional puff per dose of Symbicort may be given in the yellow zone.
1439,Medicine,24,Reasoning,Primary objective(s),[22],0,4.0,4.0,States that additional Symbicort should be given every 4 hours as needed in the yellow zone.
1439,Medicine,25,Reasoning,Primary objective(s),"[21, 22]",0,4.0,4.0,States that the maximum daily dose of Symbicort in the yellow zone is 8 puffs.
1452,Medicine,1,Extraction (recall) + Reasoning,Primary objective(s),[],2,11.11111111111111,33.333333333333336,States that the patient's joint pain is associated with dermatomyositis (DM).
1452,Medicine,2,Extraction (recall) + Reasoning,Primary objective(s),[],2,11.11111111111111,33.333333333333336,States that the patient's hyperkeratosis palmar is associated with DM.
1452,Medicine,3,Reasoning,Not primary objective,[],0,11.11111111111111,11.11111111111111,States that another term for hyperkeratosis palmar is mechanic's hands.
1452,Medicine,4,Extraction (recall) + Reasoning,Primary objective(s),[],2,11.11111111111111,33.333333333333336,States that the patient's erythema scalp is associated with DM.
1452,Medicine,5,Extraction (recall) + Reasoning,Primary objective(s),[],2,11.11111111111111,33.333333333333336,States that the patient's scale scalp is associated with DM.
1452,Medicine,6,Extraction (recall) + Reasoning,Primary objective(s),[],3,11.11111111111111,44.44444444444444,Recognizes that the patient's reduced DLCO (Diffusion Capacity of the Lungs for Carbon Monoxide testing) is consistent with interstitial lung disease (ILD).
1452,Medicine,7,Reasoning,Primary objective(s),[6],2,11.11111111111111,33.333333333333336,States that ILD is associated with DM.
1452,Medicine,8,Reasoning,Primary objective(s),"[1, 4, 5, 7, 2]",1,11.11111111111111,22.22222222222222,Concludes that the patient's clinical presentation is concerning for DM.
1452,Medicine,9,Reasoning,Primary objective(s),[8],0,11.11111111111111,11.11111111111111,"Lists at least 3 of the following DM findings associated with the patient's scalp biopsy: epidermal atrophy, interface dermatitis, perivascular lymphocytes, or increased dermal mucin."
1476,Medicine,1,Reasoning,Primary objective(s),"[3, 4, 5, 6, 7, 2]",4,4.545454545454546,22.727272727272727,States the patient presents with symptoms of a possible lower urinary tract infection (UTI).
1476,Medicine,2,Reasoning,Primary objective(s),[],5,4.545454545454546,27.272727272727273,States the patient's pain on urination is consistent with a lower UTI.
1476,Medicine,3,Reasoning,Primary objective(s),[],5,4.545454545454546,27.272727272727273,States the patient's urinary frequency is consistent with a lower UTI.
1476,Medicine,4,Reasoning,Primary objective(s),[],5,4.545454545454546,27.272727272727273,States the patient's lack of fever is consistent with a lower UTI.
1476,Medicine,5,Reasoning,Primary objective(s),[],5,4.545454545454546,27.272727272727273,States the patient's lack of vomiting is consistent with a lower UTI.
1476,Medicine,6,Reasoning,Primary objective(s),[],5,4.545454545454546,27.272727272727273,States the patient's lack of abdominal pain is consistent with a lower UTI.
1476,Medicine,7,Reasoning,Primary objective(s),[],5,4.545454545454546,27.272727272727273,States the patient's lack of blood in the urine is consistent with a lower UTI.
1476,Medicine,8,Reasoning,Primary objective(s),[1],3,4.545454545454546,18.181818181818183,States a lower UTI is considered a minor illness.
1476,Medicine,9,Reasoning,Primary objective(s),[8],2,4.545454545454546,13.636363636363637,States that the American Academy of Pediatrics (AAP) defines minor illnesses as nonurgent pediatric care.
1476,Medicine,10,Reasoning,Primary objective(s),"[8, 9, 1]",1,4.545454545454546,9.090909090909092,Concludes that the patient presents for nonurgent pediatric care.
1476,Medicine,11,Reasoning,Primary objective(s),"[10, 15, 13]",0,4.545454545454546,4.545454545454546,States that a pediatrician can legally deny care for a nonurgent visit until consent is obtained.
1476,Medicine,12,Reasoning,Primary objective(s),[],2,4.545454545454546,13.636363636363637,States that the patient's age qualifies her as a minor patient.
1476,Medicine,13,Reasoning,Primary objective(s),[12],1,4.545454545454546,9.090909090909092,States that a minor cannot consent to treatment on their own.
1476,Medicine,14,Extraction (recall),Primary objective(s),[],3,4.545454545454546,18.181818181818183,States the aunt does not have court assigned guardianship at this time.
1476,Medicine,15,Extraction (recall) + Reasoning,Primary objective(s),[14],1,4.545454545454546,9.090909090909092,States that the aunt cannot provide consent by proxy as a legally authorized representative (LAR).
1476,Medicine,16,Reasoning,Primary objective(s),[],0,4.545454545454546,4.545454545454546,States that the pediatrician may use their best judgment in deciding to treat the patient.
1476,Medicine,17,Reasoning,Primary objective(s),[],0,4.545454545454546,4.545454545454546,States that the pediatrician should carefully document the visit.
1476,Medicine,18,Reasoning,Primary objective(s),[],0,4.545454545454546,4.545454545454546,States that the pediatrician should notify child protective services (CPS).
1476,Medicine,19,Reasoning,Primary objective(s),[14],0,4.545454545454546,4.545454545454546,States that the pediatrician should discuss the need to obtain court appointed legal guardianship with the aunt.
1476,Medicine,20,Reasoning,Primary objective(s),[],2,4.545454545454546,13.636363636363637,States that the pediatrician should document that the patient's history may not be accurate.
1476,Medicine,21,Reasoning,Primary objective(s),[20],1,4.545454545454546,9.090909090909092,States the pediatrician should flag the chart as an initial visit without access to a LAR.
1476,Medicine,22,Reasoning,Primary objective(s),"[20, 21]",0,4.545454545454546,4.545454545454546,States that baseline information obtained at the initial visit should be verified with the LAR at a subsequent visit.
1477,Medicine,1,Reasoning,Not primary objective,[],15,4.0,64.0,Recognizes that the patient is 48-years-old.
1477,Medicine,2,Reasoning,Not primary objective,[],15,4.0,64.0,Recognizes that the patient presented with seizures.
1477,Medicine,3,Reasoning,Not primary objective,[],15,4.0,64.0,Recognizes that the tumor is in the temporal lobe on MRI.
1477,Medicine,4,Reasoning,Not primary objective,[],15,4.0,64.0,Recognizes that the tumor is subcortically based on MRI.
1477,Medicine,5,Reasoning,Not primary objective,[],15,4.0,64.0,Recognizes that the tumor is T2-high on MRI.
1477,Medicine,6,Extraction (recall),Not primary objective,[],15,4.0,64.0,Recognizes vacuolated tumor cells on histology.
1477,Medicine,7,Extraction (recall),Not primary objective,[],15,4.0,64.0,Recognizes vacuolated tumor matrix on histology.
1477,Medicine,8,Extraction (recall),Not primary objective,[],15,4.0,64.0,Recognizes that the tumor shows no high-grade histological features.
1477,Medicine,9,Reasoning,Primary objective(s),"[11, 12, 13]",13,4.0,56.0,States that the most likely diagnosis is multinodular and vacuolating glioneuronal tumor (MVNT).
1477,Medicine,10,Reasoning,Primary objective(s),[9],0,4.0,4.0,States that mutinodular and vacuolating neuronal tumor (MVNT) is a CNS WHO Grade 1 tumor.
1477,Medicine,11,Reasoning,Primary objective(s),"[1, 2]",14,4.0,60.0,Explains that the clinical findings are consistent with multinodular and vacuolating glioneuronal tumor (MVNT).
1477,Medicine,12,Reasoning,Primary objective(s),"[3, 4, 5]",14,4.0,60.0,Explains that the radiological findings are consistent with multinodular and vacuolating glioneuronal tumor (MVNT).
1477,Medicine,13,Reasoning,Primary objective(s),"[6, 7, 8]",14,4.0,60.0,Explains that the histological findings are consistent with multinodular and vacuolating glioneuronal tumor (MVNT).
1477,Medicine,14,Reasoning,Primary objective(s),[9],1,4.0,8.0,Identifies Olig2 as part of the expected immunoprofile.
1477,Medicine,15,Reasoning,Primary objective(s),[14],0,4.0,4.0,States that Olig2 is positive in multinodular and vacuolating glioneuronal tumor (MVNT).
1477,Medicine,16,Reasoning,Primary objective(s),[9],1,4.0,8.0,Identifies synaptophysin as part of the expected immunoprofile.
1477,Medicine,17,Reasoning,Primary objective(s),[16],0,4.0,4.0,States that synaptophysin is positive in multinodular and vacuolating glioneuronal tumor (MVNT).
1477,Medicine,18,Reasoning,Primary objective(s),[9],1,4.0,8.0,Identifies GFAP as part of the expected immunoprofile.
1477,Medicine,19,Reasoning,Primary objective(s),[18],0,4.0,4.0,States that GFAP is negative in multinodular and vacuolating glioneuronal tumor (MVNT).
1477,Medicine,20,Reasoning,Primary objective(s),[9],1,4.0,8.0,Identifies NeuN as part of the expected immunoprofile.
1477,Medicine,21,Reasoning,Primary objective(s),[20],0,4.0,4.0,States that NeuN is negative in multinodular and vacuolating glioneuronal tumor (MVNT).
1477,Medicine,22,Reasoning,Primary objective(s),[9],1,4.0,8.0,Identifies HuC/HuD as part of the expected immunoprofile.
1477,Medicine,23,Reasoning,Primary objective(s),[22],0,4.0,4.0,States that HuC/HuD is positive in multinodular and vacuolating glioneuronal tumor (MVNT).
1477,Medicine,24,Reasoning,Primary objective(s),[9],1,4.0,8.0,Identifies internexin as part of the expected immunoprofile.
1477,Medicine,25,Reasoning,Primary objective(s),[24],0,4.0,4.0,States that internexin is positive in multinodular and vacuolating glioneuronal tumor (MVNT).
1481,Medicine,1,Extraction (recall),Primary objective(s),[],13,4.761904761904762,66.66666666666667,States that the patient has metastatic lung adenocarcinoma.
1481,Medicine,2,Extraction (recall),Primary objective(s),[],17,4.761904761904762,85.71428571428571,States that the primary tumour harbored an epidermal growth factor receptor (EGFR) mutation.
1481,Medicine,3,Extraction (recall),Primary objective(s),[],13,4.761904761904762,66.66666666666667,States that the cerebrospinal fluid (CSF) shows atypical cells.
1481,Medicine,4,Extraction (recall),Primary objective(s),[],13,4.761904761904762,66.66666666666667,States that the CSF shows necrosis.
1481,Medicine,5,Reasoning,Primary objective(s),"[1, 2, 3, 4]",12,4.761904761904762,61.904761904761905,States 'metastatic lung adenocarcinoma' is one of the most likely neuropathological differential diagnoses.
1481,Medicine,6,Reasoning,Primary objective(s),"[9, 5, 2, 1, 3, 4]",10,4.761904761904762,52.38095238095238,States 'metastatic lung adenocarcinoma with small cell transformation' is one of the most likely neuropathological differential diagnoses.
1481,Medicine,7,Reasoning,Primary objective(s),[5],0,4.761904761904762,4.761904761904762,States that metastasis to the cerebrospinal fluid (CSF) is a known consequence of metastatic lung adenocarcinoma.
1481,Medicine,8,Reasoning,Primary objective(s),[2],14,4.761904761904762,71.42857142857143,Mentions that the patient is likely to have received EGFR tyrosine kinase (TK) inhibitor treatment.
1481,Medicine,9,Reasoning,Primary objective(s),[8],13,4.761904761904762,66.66666666666667,Mentions that metastatic lung adenocarcinoma with small cell transformation is a complication of EGFR tyrosine kinase (TK) inhibitor treatment.
1481,Medicine,10,Reasoning,Primary objective(s),[9],0,4.761904761904762,4.761904761904762,Mentions that metastatic lung adenocarcinoma with small cell transformation is a complication of EGFR tyrosine kinase (TK) inhibitor treatment in up to 15% of patients.
1481,Medicine,11,Reasoning,Not primary objective,[9],0,4.761904761904762,4.761904761904762,Mentions that metastatic lung adenocarcinoma with small cell transformation is clinically important because of management implications.
1481,Medicine,12,Reasoning,Primary objective(s),"[6, 5]",3,4.761904761904762,19.047619047619047,Lists TTF-1 immunocytochemistry in the suggested panel of stains.
1481,Medicine,13,Reasoning,Not primary objective,[12],0,4.761904761904762,4.761904761904762,Mentions that TTF-1 confirms that the tumor originated in the lung.
1481,Medicine,14,Reasoning,Primary objective(s),[12],0,4.761904761904762,4.761904761904762,States TTF-1 is positive in metastatic lung adenocarcinoma.
1481,Medicine,15,Reasoning,Primary objective(s),[12],0,4.761904761904762,4.761904761904762,States TTF-1 is positive in metastatic lung adenocarcinoma with small cell transformation.
1481,Medicine,16,Reasoning,Primary objective(s),"[6, 5]",2,4.761904761904762,14.285714285714286,Lists Napsin A immunocytochemistry in the suggested panel of stains.
1481,Medicine,17,Reasoning,Primary objective(s),[16],0,4.761904761904762,4.761904761904762,States Napsin A is positive in metastatic lung adenocarcinoma.
1481,Medicine,18,Reasoning,Primary objective(s),[16],0,4.761904761904762,4.761904761904762,States Napsin A is negative in metastatic lung adenocarcinoma with small cell transformation.
1481,Medicine,19,Reasoning,Primary objective(s),"[6, 5]",2,4.761904761904762,14.285714285714286,Lists synaptophysin immunocytochemistry in the suggested panel of stains.
1481,Medicine,20,Reasoning,Primary objective(s),[19],0,4.761904761904762,4.761904761904762,States synaptophysin is positive in metastatic lung adenocarcinoma with small cell transformation.
1481,Medicine,21,Reasoning,Primary objective(s),[19],0,4.761904761904762,4.761904761904762,States synaptophysin is negative in metastatic lung adenocarcinoma.
1494,Medicine,1,Extraction (recall),Primary objective(s),[],2,5.2631578947368425,15.789473684210526,States that the patient's rash is painless
1494,Medicine,2,Extraction (recall) + Reasoning,Primary objective(s),[1],1,5.2631578947368425,10.526315789473685,Notes that the location of the patient's rash is characteristic of syphilis
1494,Medicine,3,Extraction (recall) + Reasoning,Primary objective(s),[2],0,5.2631578947368425,5.2631578947368425,States syphilis is the most probable diagnosis.
1494,Medicine,4,Reasoning,Not primary objective,[],0,5.2631578947368425,5.2631578947368425,States that a rash is the most characteristic finding of secondary syphilis
1494,Medicine,5,Reasoning,Primary objective(s),[],3,5.2631578947368425,21.05263157894737,States the initial diagnostic test for secondary syphilis is a nontreponemal test.
1494,Medicine,6,Reasoning,Primary objective(s),[5],0,5.2631578947368425,5.2631578947368425,States that rapid plasma reagin (RPR) is a type of nontreponemal test.
1494,Medicine,7,Reasoning,Primary objective(s),[5],0,5.2631578947368425,5.2631578947368425,States that Venereal Disease Research Laboratory (VDRL) is a type of nontreponemal test.
1494,Medicine,8,Reasoning,Primary objective(s),[5],0,5.2631578947368425,5.2631578947368425,States that Toluidine Red Unheated Serum Test (TRUST) is a type of nontreponemal test.
1494,Medicine,9,Reasoning,Primary objective(s),[],5,5.2631578947368425,31.57894736842105,States the test to confirm the diagnosis of syphilis is a treponemal test.
1494,Medicine,10,Reasoning,Primary objective(s),[9],0,5.2631578947368425,5.2631578947368425,States that Fluorescent treponemal antibody absorption (FTA-ABS) is a type of treponemal test.
1494,Medicine,11,Reasoning,Primary objective(s),[9],0,5.2631578947368425,5.2631578947368425,States that Microhemagglutination test for antibodies to T. pallidum (MHA-TP) is a type of treponemal test.
1494,Medicine,12,Reasoning,Primary objective(s),[9],0,5.2631578947368425,5.2631578947368425,States that T. pallidum particle agglutination assay (TPPA) is a type of treponemal test.
1494,Medicine,13,Reasoning,Primary objective(s),[9],0,5.2631578947368425,5.2631578947368425,States that T. pallidum enzyme immunoassay (TP-EIA) is a type of treponemal test.
1494,Medicine,14,Reasoning,Primary objective(s),[9],0,5.2631578947368425,5.2631578947368425,States that Chemiluminescence immunoassay (CIA) is a type of treponemal test.
1494,Medicine,15,Reasoning,Primary objective(s),[],3,5.2631578947368425,21.05263157894737,States that syphilis is a sexually transmitted infection.
1494,Medicine,16,Reasoning,Primary objective(s),[],0,5.2631578947368425,5.2631578947368425,Recommends treatment of secondary syphilis with antibiotics.
1494,Medicine,17,Reasoning,Primary objective(s),[15],0,5.2631578947368425,5.2631578947368425,Recommends the patient be screened for other sexually transmitted infections.
1494,Medicine,18,Reasoning,Primary objective(s),[15],0,5.2631578947368425,5.2631578947368425,Recommends safe sex practices to prevent transmission of sexually transmitted infections.
1494,Medicine,19,Reasoning,Primary objective(s),[15],0,5.2631578947368425,5.2631578947368425,Recommends informing all sexual partners within the past 6 months of the diagnosis of syphilis.
1495,Medicine,1,Reasoning,Not primary objective,[],2,5.0,15.0,Mentions the patient is 5 years old.
1495,Medicine,2,Extraction (recall),Not primary objective,[],2,5.0,15.0,Mentions the physical exam finding of pubic hair.
1495,Medicine,3,Extraction (recall),Not primary objective,[],2,5.0,15.0,Mentions the physical exam finding of full testicles.
1495,Medicine,4,Reasoning,Not primary objective,"[1, 2, 3, 19]",1,5.0,10.0,Concludes the patient has a physical exam consistent with precocious puberty.
1495,Medicine,5,Reasoning,Not primary objective,[],1,5.0,10.0,Mentions the elevated DHEAS on labs.
1495,Medicine,6,Reasoning,Primary objective(s),"[4, 5]",0,5.0,5.0,Concludes the most likely underlying diagnosis is an adrenocortical tumor.
1495,Medicine,7,Reasoning,Primary objective(s),[20],11,5.0,60.0,Mentions that the Children's Oncology Group staging for adrenocortical tumors is 4 stages.
1495,Medicine,8,Reasoning,Primary objective(s),[7],0,5.0,5.0,Mentions that stage 1 for COG staging of adrenocortical tumors includes complete resection.
1495,Medicine,9,Reasoning,Primary objective(s),[7],0,5.0,5.0,Mentions that stage 1 for COG staging of adrenocortical tumors includes negative margins.
1495,Medicine,10,Reasoning,Primary objective(s),[7],0,5.0,5.0,Mentions that stage 1 for COG staging of adrenocortical tumors includes tumor weight < 200 grams.
1495,Medicine,11,Reasoning,Primary objective(s),[7],0,5.0,5.0,Mentions that stage 1 for COG staging of adrenocortical tumors includes no metastasis.
1495,Medicine,12,Reasoning,Primary objective(s),[7],0,5.0,5.0,Mentions that stage 2 for COG staging of adrenocortical tumors includes complete resection.
1495,Medicine,13,Reasoning,Primary objective(s),[7],0,5.0,5.0,Mentions that stage 2 for COG staging of adrenocortical tumors includes negative margins.
1495,Medicine,14,Reasoning,Primary objective(s),[7],0,5.0,5.0,Mentions that stage 2 for COG staging of adrenocortical tumors includes tumor weight > 200 grams.
1495,Medicine,15,Reasoning,Primary objective(s),[7],0,5.0,5.0,Mentions that stage 2 for COG staging of adrenocortical tumors includes no metastasis.
1495,Medicine,16,Reasoning,Primary objective(s),[7],0,5.0,5.0,Mentions that stage 3 for COG staging of adrenocortical tumors includes residual disease post-operatively.
1495,Medicine,17,Reasoning,Primary objective(s),[7],0,5.0,5.0,Mentions that stage 3 for COG staging of adrenocortical tumors includes inoperable tumors.
1495,Medicine,18,Reasoning,Primary objective(s),[7],0,5.0,5.0,Mentions that stage 4 for COG staging of adrenocortical tumors includes metastasis at presentation.
1495,Medicine,19,Reasoning,Not primary objective,[],2,5.0,15.0,Mentions the patient's gender is male.
1495,Medicine,20,Reasoning,Not primary objective,[],12,5.0,65.0,Utilizes the Children's Oncology Group for adrenocortical tumor staging.
1501,Medicine,1,Reasoning,Not primary objective,[],11,6.25,75.0,States that the patient has invasive ductal carcinoma of the right breast.
1501,Medicine,2,Extraction (recall),Not primary objective,[],13,6.25,87.5,"States that the patient's breast cancer is ER-positive, luminal A receptor subtype."
1501,Medicine,3,Reasoning,Primary objective(s),"[1, 2, 16]",10,6.25,68.75,States that the best adjunctive intraoperative imaging therapy for this patient is pegulicianine (Lumisight).
1501,Medicine,4,Reasoning,Primary objective(s),[3],0,6.25,6.25,States that the correct dose of pegulicianine is 1 mg/kg.
1501,Medicine,5,Reasoning,Primary objective(s),[3],0,6.25,6.25,States that the route of administration of pegulicianine is intravenous (IV).
1501,Medicine,6,Reasoning,Primary objective(s),[3],0,6.25,6.25,States that pegulicianine is administered over three minutes.
1501,Medicine,7,Reasoning,Primary objective(s),[3],0,6.25,6.25,States that pegulicianine is administered 2 to 6 hours before surgery.
1501,Medicine,8,Reasoning,Primary objective(s),[3],0,6.25,6.25,States that pegulicianine is FDA-approved to identify tumor cells during breast cancer surgery.
1501,Medicine,9,Reasoning,Primary objective(s),[3],0,6.25,6.25,States that pegulicianine fluoresces in the presence of cathepsins.
1501,Medicine,10,Reasoning,Primary objective(s),[3],0,6.25,6.25,States that cathepsins are present in ER-positive luminal breast cancer tumors.
1501,Medicine,11,Reasoning,Primary objective(s),[2],2,6.25,18.75,States that pafolacianine (Cytalux) is not the right imaging tool.
1501,Medicine,12,Reasoning,Primary objective(s),[11],1,6.25,12.5,States that pafolacianine (Cytalux) binds to folate receptor alpha.
1501,Medicine,13,Reasoning,Primary objective(s),"[3, 12]",0,6.25,6.25,States that ER-positive luminal breast cancer tumors do not have folate receptor alpha expression.
1501,Medicine,14,Reasoning,Not primary objective,[3],0,6.25,6.25,States that pegulicianine is intended to be used intraoperatively.
1501,Medicine,15,Reasoning,Not primary objective,[3],0,6.25,6.25,States that pegulicianine allows surgeons to visualize microscopic remnants in the operating room.
1501,Medicine,16,Reasoning,Not primary objective,[],11,6.25,75.0,States that luminal A tumors often blend into healthy parenchyma.
1508,Medicine,1,Extraction (recall),Primary objective(s),[],5,11.11111111111111,66.66666666666667,States that the patient presents with an acetaminophen overdose.
1508,Medicine,2,Reasoning,Primary objective(s),"[1, 5, 3]",0,11.11111111111111,11.11111111111111,Recognizes that a serum phosphate level should be checked.
1508,Medicine,3,Reasoning,Primary objective(s),[],2,11.11111111111111,33.333333333333336,States that hyperphosphatemia can occur in acetaminophen overdose.
1508,Medicine,4,Reasoning,Primary objective(s),"[6, 7, 8]",2,11.11111111111111,33.333333333333336,"Recognizes that in a study on acetaminophen overdose, hyperphosphatemia was seen almost exclusively in nonsurvivors."
1508,Medicine,5,Reasoning,Primary objective(s),"[4, 3]",1,11.11111111111111,22.22222222222222,"Concludes that in acetaminophen overdose, hyperphosphatemia is a highly accurate predictor of death."
1508,Medicine,6,Reasoning,Primary objective(s),[9],3,11.11111111111111,44.44444444444444,"States that in acetaminophen overdose, a phosphate concentration threshold of 1.2 mmol/L was used for hyperphosphatemia."
1508,Medicine,7,Reasoning,Primary objective(s),[1],3,11.11111111111111,44.44444444444444,"Recognizes that in acetaminophen overdose, the phosphate threshold applies 48 to 96 hours after ingestion."
1508,Medicine,8,Reasoning,Primary objective(s),[1],3,11.11111111111111,44.44444444444444,"States that in acetaminophen overdose, a phosphate concentration threshold of 1.2 mmol/L has a high accuracy for predicting survival."
1508,Medicine,9,Reasoning,Primary objective(s),[],4,11.11111111111111,55.55555555555556,References the study 'Serum phosphate is an early predictor of outcome in severe acetaminophen-induced hepatotoxicity.'
1513,Medicine,1,Reasoning,Primary objective(s),[],2,5.882352941176471,17.647058823529413,Utilizes the American Academy of Pediatrics (AAP) clinical practice guideline.
1513,Medicine,2,Reasoning,Primary objective(s),[],2,5.882352941176471,17.647058823529413,States that the patient's age can be associated with Brief Resolved Unexplained Events (BRUE).
1513,Medicine,3,Reasoning,Primary objective(s),[],2,5.882352941176471,17.647058823529413,States that the patient's cyanosis can be associated BRUE.
1513,Medicine,4,Reasoning,Primary objective(s),[],3,5.882352941176471,23.529411764705884,States that the patient's apnea can be associated with BRUE.
1513,Medicine,5,Reasoning,Primary objective(s),[],2,5.882352941176471,17.647058823529413,States that the duration of the patient's apnea can be associated with BRUE.
1513,Medicine,6,Reasoning,Primary objective(s),[],2,5.882352941176471,17.647058823529413,States that the patient's hypotonia can be associated with BRUE.
1513,Medicine,7,Reasoning,Primary objective(s),[],2,5.882352941176471,17.647058823529413,States that the patient's altered level of responsiveness can be associated with BRUE.
1513,Medicine,8,Extraction (recall),Not primary objective,[],0,5.882352941176471,5.882352941176471,States that the patient's physical exam is normal in the emergency room.
1513,Medicine,9,Reasoning,Primary objective(s),[],2,5.882352941176471,17.647058823529413,States that the patient's clinical presentation is resolved prior to the emergency room.
1513,Medicine,10,Reasoning,Primary objective(s),[],5,5.882352941176471,35.294117647058826,States that BRUE should not be explained by an identifiable medical condition.
1513,Medicine,11,Extraction (recall),Primary objective(s),[10],4,5.882352941176471,29.41176470588235,States that the patient has gastroesophageal reflux (GER).
1513,Medicine,12,Extraction (recall),Primary objective(s),[11],3,5.882352941176471,23.529411764705884,States that the patient's GER is untreated.
1513,Medicine,13,Reasoning,Not primary objective,[],0,5.882352941176471,5.882352941176471,States that the milk is present in the patient's nose during CPR.
1513,Medicine,14,Reasoning,Not primary objective,[],0,5.882352941176471,5.882352941176471,States that the milk is present in the patient's mouth during CPR.
1513,Medicine,15,Reasoning,Primary objective(s),"[4, 12]",2,5.882352941176471,17.647058823529413,States that the patient's apnea is more likely associated with a GER event.
1513,Medicine,16,Reasoning,Primary objective(s),"[1, 2, 3, 5, 6, 7, 9, 15]",1,5.882352941176471,11.764705882352942,Concludes that the patient's clinical presentation is not a BRUE event.
1513,Medicine,17,Reasoning,Primary objective(s),[16],0,5.882352941176471,5.882352941176471,Concludes that the next step in management is to treat the patient's underlying GER.
1555,Medicine,1,Reasoning,Primary objective(s),"[2, 3, 4, 5, 6, 7, 10, 11, 12, 13, 15]",5,4.3478260869565215,26.08695652173913,Identifies the most likely cause of the patient's symptoms as otomycosis.
1555,Medicine,2,Extraction (recall),Primary objective(s),[],6,4.3478260869565215,30.434782608695652,Identifies that the patient has otorrhea.
1555,Medicine,3,Reasoning,Primary objective(s),[],6,4.3478260869565215,30.434782608695652,Identifies that the presence of otorrhea is consistent with the diagnosis of otomycosis.
1555,Medicine,4,Extraction (recall),Primary objective(s),[],6,4.3478260869565215,30.434782608695652,Identifies that the patient has otalgia.
1555,Medicine,5,Reasoning,Primary objective(s),[],6,4.3478260869565215,30.434782608695652,Identifies that the presence of otalgia is consistent with the diagnosis of otomycosis.
1555,Medicine,6,Extraction (recall),Primary objective(s),[],6,4.3478260869565215,30.434782608695652,States that the patient has a lack of auricular tenderness to palpation.
1555,Medicine,7,Reasoning,Primary objective(s),[],6,4.3478260869565215,30.434782608695652,Identifies that a lack of auricular tenderness to palpation is consistent with the diagnosis of otomycosis.
1555,Medicine,8,Extraction (recall),Primary objective(s),[],7,4.3478260869565215,34.78260869565217,Identifies that the patient has excoriations of the bilateral ear canals.
1555,Medicine,9,Reasoning,Primary objective(s),[],7,4.3478260869565215,34.78260869565217,Identifies that excoriations of the bilateral ear canals can be consistent with pruritus.
1555,Medicine,10,Reasoning,Primary objective(s),"[8, 9]",6,4.3478260869565215,30.434782608695652,Identifies that the patient likely has pruritus of the bilateral ear canals.
1555,Medicine,11,Reasoning,Primary objective(s),[],6,4.3478260869565215,30.434782608695652,Identifies that presence of ear pruritus is consistent with the diagnosis of otomycosis.
1555,Medicine,12,Extraction (recall),Primary objective(s),[],6,4.3478260869565215,30.434782608695652,Identifies that the patient has tinnitus.
1555,Medicine,13,Reasoning,Primary objective(s),[],6,4.3478260869565215,30.434782608695652,Identifies that presence of tinnitus is consistent with the diagnosis of otomycosis.
1555,Medicine,14,Reasoning,Primary objective(s),[],7,4.3478260869565215,34.78260869565217,Recognizes that antibiotics do not treat fungal ear infections.
1555,Medicine,15,Reasoning,Primary objective(s),[14],6,4.3478260869565215,30.434782608695652,Identifies that the patient's lack of response to antibiotics is consistent with a diagnosis of otomycosis.
1555,Medicine,16,Reasoning,Primary objective(s),[1],0,4.3478260869565215,4.3478260869565215,Identifies the patient's recent antibiotic use as a risk factor for otomycosis.
1555,Medicine,17,Reasoning,Not primary objective,[],1,4.3478260869565215,8.695652173913043,Identifies that Barbados has a high prevalence of otomycosis.
1555,Medicine,18,Reasoning,Primary objective(s),"[17, 1]",0,4.3478260869565215,4.3478260869565215,Identifies the patient's recent travel to Barbados as a risk factor for otomycosis.
1555,Medicine,19,Reasoning,Not primary objective,[],1,4.3478260869565215,8.695652173913043,Identifies that the patient has diabetes.
1555,Medicine,20,Reasoning,Not primary objective,[],1,4.3478260869565215,8.695652173913043,Identifies that diabetes is an immunocompromising condition.
1555,Medicine,21,Reasoning,Primary objective(s),"[19, 20, 1]",0,4.3478260869565215,4.3478260869565215,Identifies the patient's diabetes as a risk factor for otomycosis.
1555,Medicine,22,Reasoning,Primary objective(s),[1],1,4.3478260869565215,8.695652173913043,Recommends microscopic evaluation of sample from the external auditory canal.
1555,Medicine,23,Reasoning,Primary objective(s),[22],0,4.3478260869565215,4.3478260869565215,Recommends a wet mount preparation for microscopy.
145,Consulting,1,Extraction (recall) + Reasoning,Primary objective(s),[],0,14.285714285714286,14.285714285714286,"States the money freed up from disregarding the 30% worst performing campaigns in terms of impressions per $ as $702,062.52. (Acceptable range is $698,000.00 to $705,000.00)"
145,Consulting,2,Extraction (recall) + Reasoning,Primary objective(s),[],1,14.285714285714286,28.571428571428573,States that the average impressions per $ for the Fixed Price payment method as 9.15. (Acceptable range is 9.05 to 9.25)
145,Consulting,3,Extraction (recall) + Reasoning,Primary objective(s),[],1,14.285714285714286,28.571428571428573,States that the average impressions per $ for the Pay Per Impressions payment method as 5.80. (Acceptable range is 5.70 to 5.90)
145,Consulting,4,Extraction (recall) + Reasoning,Primary objective(s),[],1,14.285714285714286,28.571428571428573,States that the average impressions per $ for the Pay Per Click payment method as 9.72. (Acceptable range is 9.62 to 9.82)
145,Consulting,5,Reasoning,Primary objective(s),"[2, 3, 4]",0,14.285714285714286,14.285714285714286,States that the group of campaigns with the Pay Per Click Payment Method performs the best in terms of impressions per $.
145,Consulting,6,Reasoning,Primary objective(s),[],0,14.285714285714286,14.285714285714286,"Lists at least one of the following benefits for moving campaigns to fixed costs: - Alignment with Partner on budget, giving budget certainty - Bot fraud avoidance - Big upside potential if campaign goes viral - Negotiation power towards Partner by committing to a full price upfront."
145,Consulting,7,Extraction (recall) + Reasoning,Not primary objective,[],0,14.285714285714286,14.285714285714286,The bottom 30% of campaigns in terms of impressions per $ had an impression per $ below or equal to 6.38. (Acceptable range is 6.30 to 6.44)
283,Consulting,1,Extraction (recall) + Reasoning,Not primary objective,[],5,7.142857142857143,42.857142857142854,Calculates the average Share of revenue for the Low loyalty-Small size segment as 22% (acceptable value is 22%)
283,Consulting,2,Extraction (recall) + Reasoning,Not primary objective,[],5,7.142857142857143,42.857142857142854,Calculates the average Share of revenue for the Average loyalty-Small size segment as 54% (acceptable value is 54%)
283,Consulting,3,Extraction (recall) + Reasoning,Not primary objective,[],5,7.142857142857143,42.857142857142854,Calculates the average Share of revenue for the High loyalty-Small size segment as 80% (acceptable value is 80%)
283,Consulting,4,Extraction (recall) + Reasoning,Not primary objective,[],5,7.142857142857143,42.857142857142854,Calculates the average Share of revenue for the Low loyalty-Medium size segment as 20% (acceptable value is 20%)
283,Consulting,5,Extraction (recall) + Reasoning,Not primary objective,[],5,7.142857142857143,42.857142857142854,Calculates the average Share of revenue for the Average loyalty-Medium size segment as 52% (acceptable value is 52%)
283,Consulting,6,Extraction (recall) + Reasoning,Not primary objective,[],5,7.142857142857143,42.857142857142854,Calculates the average Share of revenue for the High loyalty-Medium size segment as 80% (acceptable value is 80%)
283,Consulting,7,Extraction (recall) + Reasoning,Not primary objective,[],5,7.142857142857143,42.857142857142854,Calculates the average Share of revenue for the Low loyalty-Big size segment as 20% (acceptable value is 20%)
283,Consulting,8,Extraction (recall) + Reasoning,Not primary objective,[],5,7.142857142857143,42.857142857142854,Calculates the average Share of revenue for the Average loyalty-Big size segment as 53% (acceptable value is 53%)
283,Consulting,9,Extraction (recall) + Reasoning,Not primary objective,[],5,7.142857142857143,42.857142857142854,Calculates the average Share of revenue for the High loyalty-Big size segment as 85% (acceptable value is 85%)
283,Consulting,10,Extraction (recall) + Reasoning,Primary objective(s),"[1, 2, 3, 4, 5, 6, 7, 8, 9]",2,7.142857142857143,21.428571428571427,Calculates the potential revenue increase of targeting Small size merchants as $24.9M (acceptable range is 24.8M to 25.0M)
283,Consulting,11,Extraction (recall) + Reasoning,Primary objective(s),"[1, 2, 3, 4, 5, 6, 7, 8, 9]",2,7.142857142857143,21.428571428571427,Calculates the potential revenue increase of targeting Medium size merchants as $38.5M (acceptable range is 38.4M to 38.6M)
283,Consulting,12,Extraction (recall) + Reasoning,Primary objective(s),"[1, 2, 3, 4, 5, 6, 7, 8, 9]",2,7.142857142857143,21.428571428571427,Calculates the potential revenue increase of targeting Big size merchants as $37.6M (acceptable range is 37.5M to 37.7M)
283,Consulting,13,Reasoning,Primary objective(s),"[10, 11, 12]",1,7.142857142857143,14.285714285714286,Recommends a focus on the Medium size category when based purely on revenue potential
283,Consulting,14,Extraction (recall) + Reasoning,Primary objective(s),[13],0,7.142857142857143,7.142857142857143,"Lists at least one of the following as a reason why prioritizing the Medium size may not be the best choice: -Medium size category has many more merchants than Big size category -Adding one decimal to the share of merchant revenue percentages switches the answer to the Big size category -Any progress made on outliers makes the big size more promising -Estimates for big merchants seem conservative versus for medium merchants -Estimates should be done more granularly based on size - The provided data set does not include other key decision criteria (e.g., cost to implement the revenue growth strategy, availability of staff, alignment with client vision, competitor moves)"
352,Consulting,1,Extraction (recall) + Reasoning,Not primary objective,[],1,9.090909090909092,18.181818181818183,Calculates the number of orders delivered in same month as order placement as 200 (Acceptable value is 200).
352,Consulting,2,Extraction (recall) + Reasoning,Primary objective(s),[1],0,9.090909090909092,9.090909090909092,Calculates the percentage of orders delivered in the same month as order placement as 79%. (Acceptable value is 79%)
352,Consulting,3,Extraction (recall) + Reasoning,Primary objective(s),[],1,9.090909090909092,18.181818181818183,Calculates average time from ordered to processed as 2.0 days (Acceptable value is 2.0 days)
352,Consulting,4,Extraction (recall) + Reasoning,Primary objective(s),[],4,9.090909090909092,45.45454545454545,Calculates average time from processed to shipped as 3.1 days (Acceptable value is 3.1days)
352,Consulting,5,Extraction (recall) + Reasoning,Primary objective(s),[],1,9.090909090909092,18.181818181818183,Calculates average time from shipped to delivered as 3.6 days (Acceptable value is 3.6 days)
352,Consulting,6,Reasoning,Primary objective(s),[4],3,9.090909090909092,36.36363636363637,States that the milestone from processed to shipped has room to improve compared to Market Benchmark
352,Consulting,7,Reasoning,Not primary objective,[5],0,9.090909090909092,9.090909090909092,Identifies that the milestone from shipped to delivered does not have room to improve compared to Market Benchmark
352,Consulting,8,Reasoning,Not primary objective,[3],0,9.090909090909092,9.090909090909092,Identifies that the milestone from ordered to processed does not have room to improve compared to Market Benchmark
352,Consulting,9,Extraction (recall) + Reasoning,Not primary objective,[6],1,9.090909090909092,18.181818181818183,Calculates the number of orders having processed to shipped turnaround time higher than market benchmark as 180 (Acceptable value is 180)
352,Consulting,10,Extraction (recall) + Reasoning,Primary objective(s),"[9, 6]",0,9.090909090909092,9.090909090909092,Calculates the percentage of orders having processed to shipped turnaround time higher than market benchmark as 71%. (Acceptable value is 71%)
352,Consulting,11,Reasoning,Primary objective(s),[6],0,9.090909090909092,9.090909090909092,Recommends that the client can bring its processed to shipped performance in line with industry standard by taking one or more of the following steps: - Adjust internal shipping processes - Adjust internal handover from processing to shipping - Adjust handover to shipping providers - Update shipping providers
772,Consulting,1,Extraction (recall) + Reasoning,Primary objective(s),[],0,10.0,10.0,Computes the number of target attainable households as a percent of total attainable households in the US to be 52.92% (acceptable range is 52.87% to 52.97%)
772,Consulting,2,Extraction (recall) + Reasoning,Primary objective(s),[],2,10.0,30.0,"Calculates the TAM to be $15,447,155,963.79 (acceptable range is $15,400,000,000.00 to $15,500,000,000.00)"
772,Consulting,3,Reasoning,Primary objective(s),[2],1,10.0,20.0,"Determines the SAM to be $3,861,788,990.95 (acceptable range is $3,840,000,000.00 to $3,880,000,000.00)"
772,Consulting,4,Reasoning,Primary objective(s),[3],0,10.0,10.0,"Calculates the SOM to be $193,089,449.55 (acceptable range is $192,000,000.00 to $194,000,000.00)"
772,Consulting,5,Extraction (recall) + Reasoning,Primary objective(s),[10],1,10.0,20.0,Recommends Pennsylvania as a state to prioritize
772,Consulting,6,Extraction (recall) + Reasoning,Primary objective(s),[9],1,10.0,20.0,Recommends Michigan as a state to prioritize
772,Consulting,7,Extraction (recall) + Reasoning,Primary objective(s),"[5, 6]",0,10.0,10.0,Does not propose any state outside of Michigan and Pennsylvania as a state to prioritize
772,Consulting,8,Reasoning,Primary objective(s),[],0,10.0,10.0,Provides one of the following as reason that the analysis done thus-far may have flaws: (1) Using a nationwide assumption of 2.53 people per household makes statewide data less trustworthy (2) Using an assumption to bring ARPU to 2024 values may bias the analysis (3) blanket 25% SAM as % of TAM should be more granular (4) blanket 5% SOM as % of SAM should be more granular
772,Consulting,9,Reasoning,Not primary objective,[],2,10.0,30.0,Mentions that Michigan is adjacent to Ohio
772,Consulting,10,Reasoning,Not primary objective,[],2,10.0,30.0,Mentions that Pennsylvania is adjacent to Ohio
804,Consulting,1,Extraction (recall) + Reasoning,Primary objective(s),[],3,14.285714285714286,57.142857142857146,Calculates combined AHT in weeks 6 and 7 as 3.23 (acceptable value is 3.23)
804,Consulting,2,Extraction (recall) + Reasoning,Not primary objective,[],2,14.285714285714286,42.857142857142854,Calculates AHT in week 8 as 3.91 (acceptable value is 3.91)
804,Consulting,3,Extraction (recall) + Reasoning,Primary objective(s),[],2,14.285714285714286,42.857142857142854,Calculates combined AHT in weeks 9 and 10 as 4.49 (acceptable value is 4.49)
804,Consulting,4,Reasoning,Primary objective(s),"[1, 2]",1,14.285714285714286,28.571428571428573,Calculates the percent difference between combined AHT in weeks 6 + 7 vs week 8 as 21.1% (acceptable range is 20.9% to 21.3%)
804,Consulting,5,Reasoning,Primary objective(s),"[1, 3]",1,14.285714285714286,28.571428571428573,Calculates the percent difference between combined AHT in weeks 6 + 7 vs combined AHT in weeks 9 + 10 as 39.0% (acceptable range is 38.8% to 39.2%)
804,Consulting,6,Style,Primary objective(s),[],0,14.285714285714286,14.285714285714286,Writes a memo to Paw Prints management
804,Consulting,7,Reasoning,Primary objective(s),"[4, 5]",0,14.285714285714286,14.285714285714286,States one of the following hypotheses as to why the AHTs changed as they did when more offshore workers were introduced: - Learning curve period required by the new workers - Lower domain familiarity of the new workers - Higher rates of rework for new workers - Asynchronous collaboration delays - Difference in work objectives between the onshore and offshore workers
828,Consulting,1,Extraction (recall) + Reasoning,Primary objective(s),[],1,14.285714285714286,28.571428571428573,"Calculates the total campaign costs for campaigns of interest as $1,591,118. (Acceptable value is $1,591,118)"
828,Consulting,2,Extraction (recall) + Reasoning,Primary objective(s),[],0,14.285714285714286,14.285714285714286,"Identifies the total impressions for campaigns of interest as 11,409,299. (Acceptable value is 11,409,299)"
828,Consulting,3,Extraction (recall) + Reasoning,Primary objective(s),[],2,14.285714285714286,42.857142857142854,"Calculates the total Family Man impressions for campaigns of interest as 5,505,900. (Acceptable range is 5,503,900 to 5,508,900)"
828,Consulting,4,Extraction (recall) + Reasoning,Not primary objective,[],1,14.285714285714286,28.571428571428573,"Calculates the total Single Man impressions for campaigns of interest as 2,396,393. (Acceptable range is 2,296,393 to 2,596,393)"
828,Consulting,5,Reasoning,Primary objective(s),"[3, 4]",0,14.285714285714286,14.285714285714286,States that Family Man gets more impressions than Single Man in campaigns of interest
828,Consulting,6,Reasoning,Primary objective(s),"[1, 3]",0,14.285714285714286,14.285714285714286,State the number of Family Man impressions per $ for campaigns of interest as 3.46. (Acceptable range is 3.44 to 3.48)
828,Consulting,7,Reasoning,Primary objective(s),[],0,14.285714285714286,14.285714285714286,"States at least one of the following downsides when using campaign channels with less control on ultimate recipient: - When a message will be received by multiple groups, it poses a risk of being received in a non-intended way by certain recipients. - Some of the campaign spend will go towards non-important impressions / clicks. - The brand may be impacted by a diluted message. - The brand may be impacted by non-target groups engaging with the brand. - Performance measurements may be inflated or diluted if not accounted for. -Lower financial efficiency"
1080,Consulting,1,Extraction (recall) + Reasoning,Primary objective(s),[2],0,11.11111111111111,11.11111111111111,States that the CAGR for Bad Debts was 16.58%. (Acceptable range is 16.08% to 17.08%).
1080,Consulting,2,Extraction (recall) + Reasoning,Primary objective(s),[],1,11.11111111111111,22.22222222222222,Identifies Bad Debts as one of the three fastest growing income statement items.
1080,Consulting,3,Extraction (recall) + Reasoning,Primary objective(s),[4],0,11.11111111111111,11.11111111111111,States that the CAGR for Cost of Goods Sold was 15.58%. (Acceptable range is 15.08% to 16.08%).
1080,Consulting,4,Extraction (recall) + Reasoning,Primary objective(s),[],1,11.11111111111111,22.22222222222222,Identifies Cost of Goods Sold as one of the three fastest growing income statement items.
1080,Consulting,5,Extraction (recall) + Reasoning,Primary objective(s),[6],0,11.11111111111111,11.11111111111111,States that the CAGR for Amortization was 11.59%. (Acceptable range is 11.09% to 12.09%).
1080,Consulting,6,Extraction (recall) + Reasoning,Primary objective(s),[],1,11.11111111111111,22.22222222222222,Identifies Amortization as one of the three fastest growing income statement items.
1080,Consulting,7,Extraction (recall) + Reasoning,Primary objective(s),[],1,11.11111111111111,22.22222222222222,States that the correlation between revenue and cost of goods sold is 88.69% (Acceptable range is 88.19% to 89.19%)
1080,Consulting,8,Reasoning,Primary objective(s),[7],0,11.11111111111111,11.11111111111111,States that the client should not pursue the development of the analytics platform.
1080,Consulting,9,Reasoning,Not primary objective,[],0,11.11111111111111,11.11111111111111,Explains that the the fastest growing categories on the income statement are on the expense side generally rather than the income side
1091,Consulting,1,Extraction (recall) + Reasoning,Primary objective(s),[],0,14.285714285714286,14.285714285714286,Calculates the number of startups that meet the required criteria to be 198 (acceptable range is 197-199)
1091,Consulting,2,Extraction (recall) + Reasoning,Primary objective(s),[],2,14.285714285714286,42.857142857142854,Determines that ApexLift is one of the two largest start-ups by gross profit that meet the criteria.
1091,Consulting,3,Extraction (recall) + Reasoning,Primary objective(s),[2],0,14.285714285714286,14.285714285714286,"Computes the gross profit of ApexLift to be $22,352,365.00 (acceptable value is $22,352,365.00)"
1091,Consulting,4,Extraction (recall) + Reasoning,Primary objective(s),[],2,14.285714285714286,42.857142857142854,Determines that IonVector is one of the two largest start-ups by gross profit that meet the criteria.
1091,Consulting,5,Extraction (recall) + Reasoning,Primary objective(s),[4],0,14.285714285714286,14.285714285714286,"Computes the gross profit of IonVector to be $20,553,874.00 (acceptable value is $20,553,874.00)"
1091,Consulting,6,Extraction (recall) + Reasoning,Primary objective(s),"[2, 4]",0,14.285714285714286,14.285714285714286,Recommends that IonVector should be considered the top acquisition target
1091,Consulting,7,Reasoning,Not primary objective,[],0,14.285714285714286,14.285714285714286,Rationale for recommendation includes reference to the company's stated priority being addressing a deficiency in controls
1122,Consulting,1,Extraction (recall) + Reasoning,Primary objective(s),[5],0,14.285714285714286,14.285714285714286,Calculates NPS for Gen Z as -28 (acceptable range is - 29 to - 27).
1122,Consulting,2,Extraction (recall) + Reasoning,Primary objective(s),[],0,14.285714285714286,14.285714285714286,Calculates NPS for Boomers as -28 (acceptable range is - 29 to - 27).
1122,Consulting,3,Extraction (recall) + Reasoning,Primary objective(s),[],0,14.285714285714286,14.285714285714286,States that the region Northeast has the highest NPS.
1122,Consulting,4,Reasoning,Primary objective(s),[],0,14.285714285714286,14.285714285714286,Provides at least one actionable strategy to improve NPS: -Fix customer pain points -Train staff to delight -Improve dining experiences
1122,Consulting,5,Extraction (recall) + Reasoning,Not primary objective,[],1,14.285714285714286,28.571428571428573,States there are 113 promoters for Gen Z (acceptable value is 113)
1122,Consulting,6,Extraction (recall) + Reasoning,Primary objective(s),[],0,14.285714285714286,14.285714285714286,Calculates NPS for Millennials as -22 (acceptable range is - 23 to - 21).
1122,Consulting,7,Style,Primary objective(s),[],0,14.285714285714286,14.285714285714286,Presents the answers as a memo.
1150,Consulting,1,Extraction (recall) + Reasoning,Primary objective(s),[],4,10.0,50.0,States that the total score for the Clothing product category is 4.78 (acceptable range is 4.76 to 4.80).
1150,Consulting,2,Extraction (recall) + Reasoning,Primary objective(s),[],4,10.0,50.0,States that the total score for the Electronics product category is 3.99 (acceptable range is 3.97 to 4.01).
1150,Consulting,3,Extraction (recall) + Reasoning,Primary objective(s),[],4,10.0,50.0,States that the total score for the Food product category is 2.52 (acceptable range is 2.50 to 2.54).
1150,Consulting,4,Extraction (recall) + Reasoning,Primary objective(s),[],4,10.0,50.0,States that the total score for the Furniture product category is 1.22 (acceptable range is 1.20 to 1.24).
1150,Consulting,5,Reasoning,Primary objective(s),"[1, 2, 3, 4]",3,10.0,40.0,Recommends the Furniture product category for BudgetBuy's promotional campaign.
1150,Consulting,6,Reasoning,Primary objective(s),"[7, 8]",0,10.0,10.0,"States that the expected reduction in profits from implementing the promotional campaign on the Furniture category next year is $778,707 (acceptable range is $778,600 to $778,800)."
1150,Consulting,7,Extraction (recall) + Reasoning,Not primary objective,[5],1,10.0,20.0,"States that the profits associated with the Furniture product category next year without a promotional campaign will be $1,868,434 (acceptable range is $1,867,434 to $1,869,434)."
1150,Consulting,8,Extraction (recall) + Reasoning,Not primary objective,[5],1,10.0,20.0,"States that the profits associated with the Furniture product category next year with a promotional campaign will be $1,089,727 (acceptable range is $1,088,727 to $1,090,727)."
1150,Consulting,9,Reasoning,Primary objective(s),[],0,10.0,10.0,"States that the promotional campaign might bolster the sales of all categories for one or more of the following reasons: - The campaign may drive more new customers to the client's stores - The campaign may drive existing customers to visit the client's stores more frequently - The campaign may drive customers to spend more overall (e.g., because they believe they are getting a good value)"
1150,Consulting,10,Style,Primary objective(s),[],0,10.0,10.0,Presents the answers in a memo
1149,Consulting,1,Extraction (recall) + Reasoning,Primary objective(s),[],0,14.285714285714286,14.285714285714286,"Identifies that the average One View Premium card user spends $18,229.65 more annually than the average One View Standard card user (acceptable range is $18,220 to $18,240)."
1149,Consulting,2,Extraction (recall) + Reasoning,Primary objective(s),[],0,14.285714285714286,14.285714285714286,"Identifies that One View Standard users have $7,267.80 more in average monthly spend subject to interest charges than One View Premium card users (acceptable range is $7,250.00 to $7,280.00)."
1149,Consulting,3,Extraction (recall) + Reasoning,Primary objective(s),[],0,14.285714285714286,14.285714285714286,"Identifies that One View Standard users have $2,268.78 more in average monthly spend subject to interest charges than One View Advantage users (acceptable range is $2,250.00 to $2,280.00)."
1149,Consulting,4,Extraction (recall) + Reasoning,Primary objective(s),[],0,14.285714285714286,14.285714285714286,"Identifies the reason why the One View Advantage card is generating more revenue in the 'Other Fees' category is because it is likely accumulating more in foreign transaction fees, given it is a travel card."
1149,Consulting,5,Reasoning,Primary objective(s),"[6, 7]",0,14.285714285714286,14.285714285714286,Recommends that One View Bank converts One View Standard cardholders to One View Advantage cards.
1149,Consulting,6,Extraction (recall) + Reasoning,Not primary objective,[],1,14.285714285714286,28.571428571428573,Identifies that One View Bank can generate $232.45 more in revenue in Year 2 per One View Advantage cardholder versus the average One View Standard cardholder (acceptable range is $232 to $233).
1149,Consulting,7,Extraction (recall) + Reasoning,Not primary objective,[],1,14.285714285714286,28.571428571428573,Identifies that One View Bank can generate $680.39 less in revenue in Year 2 per One View Premium cardholder versus the average One View Standard cardholder (acceptable range is $675.00 to $685.00).
1166,Consulting,1,Extraction (recall) + Reasoning,Primary objective(s),[],2,16.666666666666668,50.0,Determines that Union Square had the highest scope 1 emissions
1166,Consulting,2,Extraction (recall) + Reasoning,Primary objective(s),[1],0,16.666666666666668,16.666666666666668,"Computes that the scope 1 emissions of Union Square store were 3,584.70 tons CO2 (acceptable value is 3,584.70 tons CO2)"
1166,Consulting,3,Extraction (recall) + Reasoning,Primary objective(s),[1],0,16.666666666666668,16.666666666666668,"Calculates the scope 3 emissions for the Union Square store to be 4,917.50 tons CO2 (acceptable value is 4,917.50 tons CO2)"
1166,Consulting,4,Extraction (recall) + Reasoning,Primary objective(s),[5],0,16.666666666666668,16.666666666666668,"Determines that the combined scope 1 and scope 3 emissions for the meat department is 8,683.34 tons CO2 (acceptable value is 8,683.34 tons CO2)"
1166,Consulting,5,Extraction (recall) + Reasoning,Not primary objective,[],1,16.666666666666668,33.333333333333336,States that meat is the department that has the highest total aggregated scope 1 emissions in 2024
1166,Consulting,6,Reasoning,Primary objective(s),[],0,16.666666666666668,16.666666666666668,"Recommends one of the following as ways to deal with increasing costs associated with reduced emissions: - pass along the costs in the form of higher prices to consumers - the company could enter into longer term contracts which help suppliers have the certainty to finance the emissions reductions projects directly. - engage in cost-cutting initiatives to offset the cost (e.g., strategic sourcing) - reduce internal profitability targets - source offsetting funding from other external sources (e.g., government, environmental associations)"
1169,Consulting,1,Reasoning,Primary objective(s),"[7, 8]",5,10.0,60.0,Lists US as the top region in the final recommendation
1169,Consulting,2,Extraction (recall) + Reasoning,Primary objective(s),[1],0,10.0,10.0,"States that US passenger volume is 19,028,799 (acceptable value is 19,028,799)"
1169,Consulting,3,Extraction (recall) + Reasoning,Primary objective(s),[1],0,10.0,10.0,States that the US's Big Mac average price is $4.79 (acceptable value is $4.79)
1169,Consulting,4,Extraction (recall) + Reasoning,Primary objective(s),[1],2,10.0,30.0,Lists Europe as the 2nd top region in the final recommendation
1169,Consulting,5,Extraction (recall) + Reasoning,Primary objective(s),[4],0,10.0,10.0,"States that Europe passenger volume as 1,584,562 (acceptable value is 1,584,562)"
1169,Consulting,6,Extraction (recall) + Reasoning,Primary objective(s),[4],0,10.0,10.0,States that Europe's Big Mac average price is $3.93 (acceptable value is $3.93)
1169,Consulting,7,Extraction (recall) + Reasoning,Not primary objective,[],6,10.0,70.0,Identifies US as the best ranked for total enplaned passengers
1169,Consulting,8,Extraction (recall) + Reasoning,Not primary objective,[],6,10.0,70.0,Identifies US as the best ranked for average big mac prices
1169,Consulting,9,Style,Primary objective(s),[],0,10.0,10.0,Output is in table format
1169,Consulting,10,Reasoning,Primary objective(s),[],0,10.0,10.0,States one of the following as the biggest risk of choosing a region based on the two factors: - Intense competition - Potential misalignment with company niche - Potential misalignment with company's existing geo footprint - Leaves out other important considerations - Does not account for differences within each georegion
1170,Consulting,1,Extraction (recall) + Reasoning,Not primary objective,[],1,7.6923076923076925,15.384615384615385,Calculates the rejection rate in 2023 as 40.7% (Acceptable value is 40.7%)
1170,Consulting,2,Extraction (recall) + Reasoning,Not primary objective,[],1,7.6923076923076925,15.384615384615385,Calculates the rejection rate in 2024 as 32.4% (Acceptable value is 32.4%)
1170,Consulting,3,Extraction (recall) + Reasoning,Not primary objective,[],1,7.6923076923076925,15.384615384615385,Calculates the rejection rate in 2025 as 28.4% (Acceptable value is 28.4%)
1170,Consulting,4,Reasoning,Primary objective(s),"[1, 2, 3]",0,7.6923076923076925,7.6923076923076925,States that the CEO's hypothesis is not true.
1170,Consulting,5,Extraction (recall) + Reasoning,Primary objective(s),[],2,7.6923076923076925,23.076923076923077,Identifies 'Finishing' as the reason for highest rejections in 2023
1170,Consulting,6,Extraction (recall) + Reasoning,Primary objective(s),[],2,7.6923076923076925,23.076923076923077,Identifies 'Rust' as the reason for highest rejections in 2024
1170,Consulting,7,Extraction (recall) + Reasoning,Primary objective(s),[],2,7.6923076923076925,23.076923076923077,Identifies 'Finishing' as the reason for highest rejections in 2025
1170,Consulting,8,Extraction (recall) + Reasoning,Primary objective(s),[5],0,7.6923076923076925,7.6923076923076925,"Calculates the percentage share of cases rejected due to 'Finishing' issues, out of total rejected cases in 2023 as 29.6% (Acceptable value is 29.6%)"
1170,Consulting,9,Extraction (recall) + Reasoning,Primary objective(s),[6],0,7.6923076923076925,7.6923076923076925,"Calculates the percentage share of cases rejected due to 'Rust' issues, out of total rejected cases in 2024 as 32.9% (Acceptable value is 32.9%)"
1170,Consulting,10,Extraction (recall) + Reasoning,Primary objective(s),[7],0,7.6923076923076925,7.6923076923076925,"Calculates the percentage share of cases rejected due to 'Finishing' issues, out of total rejected cases in 2025 as 33.3% (Acceptable value is 33.3%)"
1170,Consulting,11,Reasoning,Primary objective(s),"[5, 6, 7]",0,7.6923076923076925,7.6923076923076925,Suggests at least one of the following corrective measures to reduce rejection: 1. Better Storage Environment: Prevents formation of rust on metal parts. 2. Usage of Modern High Quality Tools & Machines: Helpful in more finished product 3. Improved Packaging: Helps in maintaining the finish of the product and prevent rust as well 4. Employee training 5. Hiring a more skilled workforce 6. Employee incentives to reduce quality errors 7. Review and/or standardize production procedures 8. Changing source inputs to more rust-resistant materials 9. Reducing timeframes between production and shipping
1170,Consulting,12,Extraction (recall) + Reasoning,Not primary objective,[],1,7.6923076923076925,15.384615384615385,"Calculates the total order value of rejected orders as $123,602. (Accepted value is $123,602)"
1170,Consulting,13,Extraction (recall) + Reasoning,Primary objective(s),[12],0,7.6923076923076925,7.6923076923076925,"Calculates the potential additional revenue by selling rejected orders at a discount as $61,801 (Acceptable value is $61,801)"
1171,Consulting,1,Extraction (recall) + Reasoning,Primary objective(s),[],4,8.333333333333334,41.666666666666664,Calculates the Average time taken for Task 1 as 14.6 Hrs (Acceptable range: 14.5 to 14.7 Hrs)
1171,Consulting,2,Extraction (recall) + Reasoning,Primary objective(s),[],4,8.333333333333334,41.666666666666664,Calculates the Average time taken for Task 2 as 14.0 hrs (Acceptable range: 13.9 to 14.1 Hrs)
1171,Consulting,3,Extraction (recall) + Reasoning,Primary objective(s),[],4,8.333333333333334,41.666666666666664,Calculates the Average time taken for Task 3 is 15.4 hrs (Acceptable range: 15.3 to 15.5 Hrs)
1171,Consulting,4,Extraction (recall) + Reasoning,Primary objective(s),[],4,8.333333333333334,41.666666666666664,Calculates the Average time taken for Task 4 as 14.3 hrs (Acceptable range: 14.2 to 14.4 Hrs)
1171,Consulting,5,Extraction (recall) + Reasoning,Primary objective(s),[],4,8.333333333333334,41.666666666666664,Calculates the Average time taken for Task 5 as 14.5 hrs (Acceptable range: 14.4 to 14.6 Hrs)
1171,Consulting,6,Reasoning,Primary objective(s),"[3, 1, 2, 4, 5]",3,8.333333333333334,33.333333333333336,Calculates the average time taken between produced cars when production is in steady-state as 15.4 Hrs (Acceptable range: 15.3 to 15.5 Hrs)
1171,Consulting,7,Reasoning,Primary objective(s),[6],2,8.333333333333334,25.0,Calculates the production capacity per assembly line as 468 cars per year (acceptable range 466 - 471 cars per year)
1171,Consulting,8,Reasoning,Primary objective(s),[7],1,8.333333333333334,16.666666666666668,Calculates the number of assembly lines needed to fulfill expectations as 3. Acceptable value is 3
1171,Consulting,9,Extraction (recall) + Reasoning,Primary objective(s),[],1,8.333333333333334,16.666666666666668,Reports the current count of employees in reference assembly line as 21. Acceptable value is 21
1171,Consulting,10,Reasoning,Primary objective(s),"[8, 9]",0,8.333333333333334,8.333333333333334,Calculates the required headcount of employees as 63. Acceptable value is 63
1171,Consulting,11,Reasoning,Primary objective(s),[],0,8.333333333333334,8.333333333333334,Identifies one of the following risks: 1. Dilution of market image 2. Timeline Risk 3. Financial Risk 4. Operational Risk 5. Data reliability risk 6. Human resource risk 7. Quality control risk 8. Market Demand Forecasting Risk
1171,Consulting,12,Reasoning,Not primary objective,[],0,8.333333333333334,8.333333333333334,Calculates the Number of cars needed to fulfil CEO's expectation as 1400 Cars per year. Acceptable value is 1400
1172,Consulting,1,Extraction (recall) + Reasoning,Primary objective(s),[],3,16.666666666666668,66.66666666666667,"Calculates US population in 2032 as 358,710,351 (acceptable value is 358,710,351)"
1172,Consulting,2,Extraction (recall) + Reasoning,Not primary objective,[1],2,16.666666666666668,50.0,"Calculates total interested people in this genre of toy products in US in 2032 as 53,806,553 (acceptable range is 53,806,552 to 53,806,554)"
1172,Consulting,3,Extraction (recall) + Reasoning,Primary objective(s),[2],1,16.666666666666668,33.333333333333336,"Calculates TAM in US in 2032 as $2,690,327,629 (acceptable value of $2,690,327,629)"
1172,Consulting,4,Extraction (recall) + Reasoning,Primary objective(s),[3],0,16.666666666666668,16.666666666666668,"Calculates SAM in US in 2032 as $269,032,763 (acceptable value of $269,032,763)"
1172,Consulting,5,Reasoning,Primary objective(s),[],0,16.666666666666668,16.666666666666668,Highlights one or more of the following as a risk in the assumptions that may be over-optimistic: - Underestimation of how difficult it would be taking 10% market share from a dominant player like Lego - Sustainability of a $50 spend for toys in a potential downturn - The equal population distribution in the United States among the different age groups
1172,Consulting,6,Extraction (recall) + Reasoning,Primary objective(s),[],0,16.666666666666668,16.666666666666668,"Calculates the US population in 2024 as 340,110,988 (acceptable answer of 340,110,988)"
1384,Consulting,1,Extraction (recall) + Reasoning,Primary objective(s),[],1,12.5,25.0,Identifies Hyderabad as the city with the highest total business value
1384,Consulting,2,Extraction (recall) + Reasoning,Primary objective(s),[1],0,12.5,12.5,Calculates share of total business value for Hyderabad as 14% (acceptable value is 14%)
1384,Consulting,3,Extraction (recall) + Reasoning,Primary objective(s),[],1,12.5,25.0,Identifies Bachelor as the education with highest average quarterly rating
1384,Consulting,4,Extraction (recall) + Reasoning,Primary objective(s),[3],0,12.5,12.5,Calculates average quarterly rating for education as 2.52 (acceptable value is 2.52)
1384,Consulting,5,Extraction (recall) + Reasoning,Primary objective(s),[],0,12.5,12.5,Calculates the average salary difference between employees who left vs. who stayed as -12959 (acceptable value is -12959)
1384,Consulting,6,Extraction (recall) + Reasoning,Primary objective(s),[],0,12.5,12.5,Identifies employee 1336 as the existing employee with the lowest ratio. (Acceptable value is 1336)
1384,Consulting,7,Extraction (recall) + Reasoning,Not primary objective,[],0,12.5,12.5,Identifies employee 1336's ratio as 0.33. (Acceptable value is 0.33)
1384,Consulting,8,Reasoning,Primary objective(s),[],0,12.5,12.5,States one of the following as a way to decrease attrition from the employer's perspective: -offering better compensation -offering career growth -offering better work life balance -getting exit insights and continuous improvements
1188,Consulting,1,Extraction (recall) + Reasoning,Not primary objective,[],4,11.11111111111111,55.55555555555556,Calculates the average review time spent on claims without AI Drafting as 32.19 minutes. (Acceptable range is 32.09 minutes to 32.29 minutes)
1188,Consulting,2,Extraction (recall) + Reasoning,Not primary objective,[],4,11.11111111111111,55.55555555555556,Calculates the average review time spent on claims with AI Drafting as 23.94 minutes. (Acceptable range is 23.90 minutes to 23.98 minutes)
1188,Consulting,3,Extraction (recall) + Reasoning,Primary objective(s),"[1, 2]",3,11.11111111111111,44.44444444444444,Calculates the overall efficiency gain when AI drafted was utilized as 8.25 minutes. (Acceptable range is 8.20 minutes to 8.30 minutes)
1188,Consulting,4,Extraction (recall) + Reasoning,Primary objective(s),"[3, 1]",2,11.11111111111111,33.333333333333336,Calculates the efficiency gain percentage as 25.63%. (Acceptable range is 25.53% to 25.63%)
1188,Consulting,5,Extraction (recall) + Reasoning,Primary objective(s),[4],0,11.11111111111111,11.11111111111111,Identifies that the efficiency gain percentage is higher than the benchmark.
1188,Consulting,6,Extraction (recall) + Reasoning,Primary objective(s),[],2,11.11111111111111,33.333333333333336,Calculates the average reviewer satisfaction for claims where AI was used for drafting as 80.55. (Acceptable range is 80.45 to 80.65)
1188,Consulting,7,Extraction (recall) + Reasoning,Primary objective(s),[],0,11.11111111111111,11.11111111111111,Calculates the average reviewer satisfaction for claims where AI was not used for drafting as 79.88. (Acceptable range is 79.78 to 79.98)
1188,Consulting,8,Extraction (recall) + Reasoning,Primary objective(s),[6],1,11.11111111111111,22.22222222222222,Identifies the reviewer satisfaction for claims where AI was used is higher than the benchmark.
1188,Consulting,9,Reasoning,Primary objective(s),"[4, 8]",0,11.11111111111111,11.11111111111111,"Provides a strategic recommendation that includes one of the following: - Suggests a discussion for full rollout for high volume, low risk communications - Suggests entering into a partnership agreement - Suggests expanding the pilot into additional lines of business - Suggests benchmarking ROI to quantify labor savings - Suggests the creation of a reviewer feedback loop"
1191,Consulting,1,Extraction (recall) + Reasoning,Primary objective(s),[],9,6.25,62.5,Calculates a cultural fit score of 11 for Namibia (acceptable value is 11)
1191,Consulting,2,Extraction (recall) + Reasoning,Primary objective(s),[],9,6.25,62.5,Calculates a cultural fit score of 11 for Sudan (acceptable value is 11)
1191,Consulting,3,Extraction (recall) + Reasoning,Primary objective(s),[],9,6.25,62.5,Calculates a cultural fit score of 10 for South Africa (acceptable value is 10)
1191,Consulting,4,Extraction (recall) + Reasoning,Primary objective(s),[],9,6.25,62.5,Calculates a cultural fit score of 3 for Angola (acceptable value is 3)
1191,Consulting,5,Extraction (recall) + Reasoning,Primary objective(s),[],9,6.25,62.5,Calculates a cultural fit score of 9 for Algeria (acceptable value is 9)
1191,Consulting,6,Extraction (recall) + Reasoning,Primary objective(s),[],9,6.25,62.5,Calculates a cultural fit score of 2 for Ethiopia (acceptable value is 2)
1191,Consulting,7,Extraction (recall) + Reasoning,Not primary objective,[],9,6.25,62.5,"Calculates the total GDP for 2022 for the regions being analyzed as 2,167,077,928,575 (acceptable range is 2,167,07,928,000 to 2,167,07,929,000)"
1191,Consulting,8,Extraction (recall) + Reasoning,Primary objective(s),"[1, 2, 3, 4, 5, 6, 7]",8,6.25,56.25,Lists Ethiopia as a country removed in the cultural fit step
1191,Consulting,9,Extraction (recall) + Reasoning,Primary objective(s),"[1, 2, 3, 4, 5, 6, 7, 8]",7,6.25,50.0,Does not remove any country outside of Ethiopia in the cultural fit step
1191,Consulting,10,Extraction (recall) + Reasoning,Not primary objective,[9],2,6.25,18.75,"Calculates South Africa' TAM for 2022 as 135,487,354,500 (acceptable value is 135,487,354,500)"
1191,Consulting,11,Extraction (recall) + Reasoning,Not primary objective,[9],2,6.25,18.75,"Calculates Namibia's TAM for 2022 as 65,847,950,000 (acceptable value is 65,847,950,000)"
1191,Consulting,12,Extraction (recall) + Reasoning,Not primary objective,[9],2,6.25,18.75,"Calculates Angola's TAM for 2022 as 17,255,757,000 (acceptable value is 17,255,757,000)"
1191,Consulting,13,Extraction (recall) + Reasoning,Not primary objective,[9],2,6.25,18.75,"Calculates Sudan's TAM for 2022 as 2,543,931,506 (acceptable value is 2,543,931,506)"
1191,Consulting,14,Extraction (recall) + Reasoning,Not primary objective,[9],2,6.25,18.75,"Calculates Algeria's TAM for 2022 as 752,285,317 (acceptable value is 752,285,317)"
1191,Consulting,15,Reasoning,Primary objective(s),"[10, 11, 12, 13, 14]",0,6.25,6.25,Recommends South Africa as a country for further analysis
1191,Consulting,16,Reasoning,Primary objective(s),"[10, 11, 12, 13, 14]",0,6.25,6.25,Recommends Namibia as a country for further analysis
1192,Consulting,1,Extraction (recall) + Reasoning,Primary objective(s),[],4,7.142857142857143,35.714285714285715,"States that the cutoff total delivery revenue between the Small and Medium size categories is $184,702.48 (acceptable range is 183,882.60 to 185,400.00)"
1192,Consulting,2,Extraction (recall) + Reasoning,Primary objective(s),[],6,7.142857142857143,50.0,"States that the cutoff total delivery revenue between the Medium and Big size categories is $510,161.45 (acceptable range is 510,094.80 to 510,239.00)"
1192,Consulting,3,Extraction (recall) + Reasoning,Primary objective(s),[1],0,7.142857142857143,7.142857142857143,Identifies that 409 merchants are categorized as Small in size (acceptable value is 409)
1192,Consulting,4,Extraction (recall) + Reasoning,Primary objective(s),"[1, 2]",0,7.142857142857143,7.142857142857143,Identifies that 421 merchants are categorized as Medium in size (acceptable value is 421)
1192,Consulting,5,Extraction (recall) + Reasoning,Primary objective(s),[2],0,7.142857142857143,7.142857142857143,Identifies that 409 merchants are categorized as Big in size (acceptable value is 409)
1192,Consulting,6,Extraction (recall) + Reasoning,Primary objective(s),[],6,7.142857142857143,50.0,States that the cutoff share of wallet between the Low and Average loyalty categories is 40% (acceptable value is 40%)
1192,Consulting,7,Extraction (recall) + Reasoning,Primary objective(s),[],5,7.142857142857143,42.857142857142854,States that the cutoff share of wallet between the Average and High loyalty categories is 65% (acceptable value is 65%)
1192,Consulting,8,Extraction (recall) + Reasoning,Primary objective(s),[6],0,7.142857142857143,7.142857142857143,Identifies that 454 merchants are categorized as Low in loyalty (acceptable value is 454)
1192,Consulting,9,Extraction (recall) + Reasoning,Primary objective(s),"[6, 7]",0,7.142857142857143,7.142857142857143,Identifies that 380 merchants are categorized as Average in loyalty (acceptable value is 380)
1192,Consulting,10,Extraction (recall) + Reasoning,Primary objective(s),[7],0,7.142857142857143,7.142857142857143,Identifies that 405 merchants are categorized as High in loyalty (acceptable value is 405)
1192,Consulting,11,Extraction (recall) + Reasoning,Primary objective(s),"[1, 2, 6, 7, 12, 13]",1,7.142857142857143,14.285714285714286,States that 2 groups are unbalanced (acceptable value is 2)
1192,Consulting,12,Extraction (recall) + Reasoning,Not primary objective,"[2, 6]",2,7.142857142857143,21.428571428571427,States that the group of Big size-Low loyalty merchants is unbalanced
1192,Consulting,13,Extraction (recall) + Reasoning,Not primary objective,"[2, 6, 7]",2,7.142857142857143,21.428571428571427,States that the group of Big size-Average loyalty merchants is unbalanced
1192,Consulting,14,Extraction (recall) + Reasoning,Primary objective(s),"[11, 1, 2, 6, 7]",0,7.142857142857143,7.142857142857143,Proposes that the cutoff share of wallet between Low loyalty and Average loyalty gets moved to 35% (acceptable value is 35%)
1242,Consulting,1,Extraction (recall) + Reasoning,Primary objective(s),[],8,7.6923076923076925,69.23076923076923,Calculates the ratio of Average Lifetime Revenue to Average Lifetime Pay for grade M1 as 2.73 (acceptable value is 2.73)
1242,Consulting,2,Extraction (recall) + Reasoning,Primary objective(s),[],8,7.6923076923076925,69.23076923076923,Calculates the ratio of Average Lifetime Revenue to Average Lifetime Pay for grade M2 as 3.25 (acceptable value is 3.25)
1242,Consulting,3,Extraction (recall) + Reasoning,Primary objective(s),[],8,7.6923076923076925,69.23076923076923,Calculates the ratio of Average Lifetime Revenue to Average Lifetime Pay for grade M3 as 3.06 (acceptable value is 3.06)
1242,Consulting,4,Extraction (recall) + Reasoning,Primary objective(s),[],8,7.6923076923076925,69.23076923076923,Calculates the ratio of Average Lifetime Revenue to Average Lifetime Pay for grade M4 as 2.83 (acceptable value is 2.83)
1242,Consulting,5,Extraction (recall) + Reasoning,Primary objective(s),[],8,7.6923076923076925,69.23076923076923,Calculates the ratio of Average Lifetime Revenue to Average Lifetime Pay for grade M5 as 1.74 (acceptable value is 1.74)
1242,Consulting,6,Reasoning,Primary objective(s),"[1, 2, 3, 4, 5]",7,7.6923076923076925,61.53846153846154,State that M2 is one of the top 2 grades
1242,Consulting,7,Reasoning,Primary objective(s),"[1, 2, 3, 4, 5, 6]",4,7.6923076923076925,38.46153846153846,State that M3 is one of the top 2 grades
1242,Consulting,8,Extraction (recall) + Reasoning,Not primary objective,[6],2,7.6923076923076925,23.076923076923077,Calculate the number of additional employees to be added for M2 as 20 (Acceptable value is 20)
1242,Consulting,9,Extraction (recall) + Reasoning,Not primary objective,[7],2,7.6923076923076925,23.076923076923077,Calculate the number of additional employees to be added for M3 as 20 (Acceptable value is 20)
1242,Consulting,10,Reasoning,Primary objective(s),"[11, 12]",0,7.6923076923076925,7.6923076923076925,"Calculate the total annual additional expense as $78,907,051 (Acceptable value is $78,907,051)"
1242,Consulting,11,Extraction (recall) + Reasoning,Not primary objective,[8],1,7.6923076923076925,15.384615384615385,"Calculate the total annual additional expense for M2 as $31,764,666 (Acceptable value is $31,764,666)"
1242,Consulting,12,Extraction (recall) + Reasoning,Not primary objective,[9],1,7.6923076923076925,15.384615384615385,"Calculate the total annual additional expense for M3 as $47,142,384 (Acceptable value is $47,142,384)"
1242,Consulting,13,Reasoning,Primary objective(s),"[6, 7]",0,7.6923076923076925,7.6923076923076925,"Recommends the bank should focus on one of the following employee grade levels for its expansion plans: 1) The bank should prioritize expanding high-return senior grades (e.g., M2-M3) 2) The bank should focus on developing lower-grade talent (e.g., M1) 3) A balanced approach should be adopted, expanding senior grades (e.g., M2-M3) while simultaneously building lower-grade talent (e.g., M1) 4) Any one or combination of M1, M2 or M3"
1259,Consulting,1,Extraction (recall) + Reasoning,Not primary objective,[],1,11.11111111111111,22.22222222222222,"States that the difference between the average annual charges incurred by customers aged under 25 and with a BMI of over 25 with dependents vs. without dependents is $4,075 (acceptable range is $3,975 to $4,175)."
1259,Consulting,2,Extraction (recall) + Reasoning,Not primary objective,[],1,11.11111111111111,22.22222222222222,States that the difference between the average annual charges incurred by customers aged between 25 and 50 and with a BMI of over 25 with dependents vs. without dependents is $337 (acceptable range is $327 to $347).
1259,Consulting,3,Extraction (recall) + Reasoning,Not primary objective,[],1,11.11111111111111,22.22222222222222,"States that the difference between the average annual charges incurred by customers aged above 50 and with a BMI of over 25 with dependents vs. without dependents is $3,059 (acceptable range is $2,959 to $3,159)."
1259,Consulting,4,Extraction (recall) + Reasoning,Not primary objective,[],1,11.11111111111111,22.22222222222222,"States that the difference between the average annual charges incurred by customers aged above 50 and with a BMI of under or equal to 25 with dependents vs. without dependents is $2,241 (acceptable range is $2,141 to $2,341)."
1259,Consulting,5,Reasoning,Primary objective(s),[1],0,11.11111111111111,11.11111111111111,"Recommends that the updated monthly premium for customers aged under 25, with a BMI of over 25, who have dependents should be $790 per month (acceptable range is $780 to $800)."
1259,Consulting,6,Reasoning,Primary objective(s),[2],0,11.11111111111111,11.11111111111111,"Recommends that the updated monthly premium for customers aged between 25 to 50 (including both ends), with a BMI of over 25, who have dependents should be $630 per month (acceptable range is $620 to $640)."
1259,Consulting,7,Reasoning,Primary objective(s),[3],0,11.11111111111111,11.11111111111111,"Recommends that the updated monthly premium for customers aged over 50, with a BMI of over 25, who have dependents should be $1,260 per month (acceptable range is $1,250 to $1,270)."
1259,Consulting,8,Reasoning,Primary objective(s),[4],0,11.11111111111111,11.11111111111111,"Recommends that the updated monthly premium for customers aged over 50, with a BMI of under or equal to 25, who have dependents should be $990 per month (acceptable range is $980 to $1,000)."
1259,Consulting,9,Reasoning,Primary objective(s),[],0,11.11111111111111,11.11111111111111,"States at least one of the following key risks with the pricing methodology: - It unfairly penalizes customers for having children as opposed to focusing on underlying health issues to drive pricing. - It does not account for outliers especially for smaller customer segments. - It does not incorporate known health determinants other than BMI and age (e.g., smoking behavior)."
1265,Consulting,1,Extraction (recall) + Reasoning,Primary objective(s),[],4,7.6923076923076925,38.46153846153846,"Calculates the total combined valuation of all unicorns globally as $3,853B (acceptable value is $3,853B)."
1265,Consulting,2,Extraction (recall) + Reasoning,Primary objective(s),[],3,7.6923076923076925,30.76923076923077,Identifies the country that produced the most unicorns as United States.
1265,Consulting,3,Extraction (recall) + Reasoning,Primary objective(s),[2],0,7.6923076923076925,7.6923076923076925,Calculates the total number of unicorns produced by the United States as 656 (acceptable value is 656).
1265,Consulting,4,Extraction (recall) + Reasoning,Primary objective(s),[1],3,7.6923076923076925,30.76923076923077,Identifies the country with largest share of the total combined global valuation of all unicorns as United States.
1265,Consulting,5,Extraction (recall) + Reasoning,Primary objective(s),"[4, 1]",0,7.6923076923076925,7.6923076923076925,Calculates the percentage share of valuation dollars for unicorns for United States as 54.8%.
1265,Consulting,6,Extraction (recall) + Reasoning,Primary objective(s),[],3,7.6923076923076925,30.76923076923077,Identifies the industry with highest average valuation per unicorn as Media & Entertainment.
1265,Consulting,7,Extraction (recall) + Reasoning,Primary objective(s),[6],0,7.6923076923076925,7.6923076923076925,Calculates the average valuation per unicorn for Media & Entertainment as $6B (acceptable value is 6B).
1265,Consulting,8,Extraction (recall) + Reasoning,Primary objective(s),[],0,7.6923076923076925,7.6923076923076925,Calculates the percentage of unicorns that became unicorns since 2021 as 68.5% (acceptable value is 68.0% to 68.9%).
1265,Consulting,9,Extraction (recall) + Reasoning,Not primary objective,[],1,7.6923076923076925,15.384615384615385,Calculates the avg valuation of the top 10% of unicorns as $14B (acceptable range is $13B to $15B).
1265,Consulting,10,Extraction (recall) + Reasoning,Not primary objective,[],1,7.6923076923076925,15.384615384615385,Calculates the avg valuation of the bottom 90% of unicorns as $2B (acceptable range is $1B to $3B).
1265,Consulting,11,Reasoning,Primary objective(s),"[9, 10]",0,7.6923076923076925,7.6923076923076925,Calculates the ratio of the avg. valuation of the top 10% to the bottom 90% of unicorns as 7.7 (acceptable range is 7.0 to 8.4).
1265,Consulting,12,Reasoning,Primary objective(s),"[2, 4, 6]",1,7.6923076923076925,15.384615384615385,Recommends that Titan Capital should prioritize the country-industry combination of United States and Media & Entertainment industry.
1265,Consulting,13,Extraction (recall) + Reasoning,Primary objective(s),[12],0,7.6923076923076925,7.6923076923076925,"Provides at least one of the following as an explanation for the Media & Entertainment not being the best industry to prioritize within the United States: -Within the United States, the industry with highest average valuation is Industrials -ByteDance is inflating the Media & Entertainment Industry's average valuation -ByteDance is not located in the United States -When outliers are removed, the highest average industry is no longer Media & Entertainment"
1269,Consulting,1,Extraction (recall) + Reasoning,Primary objective(s),[],0,12.5,12.5,"Calculates total California population in 2020 as 39,521,958 (acceptable value is 39,521,958)"
1269,Consulting,2,Extraction (recall) + Reasoning,Primary objective(s),[],0,12.5,12.5,"Calculates total California population in 2024 as 39,431,263 (acceptable value is 39,431,263)"
1269,Consulting,3,Extraction (recall) + Reasoning,Primary objective(s),[],0,12.5,12.5,"Calculates total California population in 2030 as 39,338,611 (acceptable value is 39,338,611)"
1269,Consulting,4,Extraction (recall) + Reasoning,Not primary objective,[],3,12.5,50.0,"Calculates total California population in 2030 within larger population areas of >1M people as 28,217,244 (acceptable range is 28,217,200 to 28,217,300)"
1269,Consulting,5,Extraction (recall) + Reasoning,Not primary objective,[],3,12.5,50.0,"Calculates total California population in 2030 within smaller population areas of <=1M people as 11,121,367 (acceptable range is 11,121,300 to 11,121,400)"
1269,Consulting,6,Reasoning,Primary objective(s),"[4, 5]",2,12.5,37.5,"Calculates total market size as $761,037,942 (acceptable range is $761,037,900 to $761,038,000)"
1269,Consulting,7,Reasoning,Primary objective(s),[6],1,12.5,25.0,Identifies that the market size estimate is too high
1269,Consulting,8,Reasoning,Primary objective(s),"[7, 6]",0,12.5,12.5,Provides one of the following options below as a reason why the market size estimate is too high: - Some of the assumptions may be overly-optimistic - Surfing is a niche recreational activity that is not evenly distributed across counties
1288,Consulting,1,Extraction (recall) + Reasoning,Primary objective(s),[],2,11.11111111111111,33.333333333333336,Calculates the average percentage reduction in clinician documentation time per encounter as 25.49%. (Acceptable range is 25.39% to 25.59%).
1288,Consulting,2,Extraction (recall) + Reasoning,Primary objective(s),[],2,11.11111111111111,33.333333333333336,Calculates the percentage increase in documentation accuracy as 4.38%. (Acceptable range is 4.28% to 4.48%).
1288,Consulting,3,Extraction (recall) + Reasoning,Primary objective(s),[],2,11.11111111111111,33.333333333333336,Calculates the percentage reduction in claim denial rate as 34.80%. (Acceptable range is 34.70% to 34.90%).
1288,Consulting,4,Reasoning,Not primary objective,[1],1,11.11111111111111,22.22222222222222,Identifies the reduction in clinician documentation time benchmark is met.
1288,Consulting,5,Reasoning,Not primary objective,[2],1,11.11111111111111,22.22222222222222,Identifies the coding accuracy improvement benchmark is met.
1288,Consulting,6,Reasoning,Not primary objective,[3],1,11.11111111111111,22.22222222222222,Identifies the denial rate reduction benchmark is met.
1288,Consulting,7,Reasoning,Primary objective(s),"[4, 5, 6, 8]",0,11.11111111111111,11.11111111111111,Provides a strategy recommendation for enterprise rollout that includes one of the following: - Enterprise rollout under active governance oversight. - A controlled enterprise rollout focusing on user targeted training. - Rollout approval with a conditional clause requiring sustained throughput gains of 35% or higher.
1288,Consulting,8,Extraction (recall) + Reasoning,Primary objective(s),[],2,11.11111111111111,33.333333333333336,Calculates the percentage increase in clinician throughput as 34.21%. (Acceptable range is 34.11% to 34.31%)
1288,Consulting,9,Reasoning,Not primary objective,[8],0,11.11111111111111,11.11111111111111,Identifies the throughput gain benchmark is not met.
1588,Finance,1,Extraction (recall) + Reasoning,Primary objective(s),[],0,10.0,10.0,"For Scenario 1 (FY28 exit), calculates the Net IRR for LPs as 29.79% (acceptable range is 29.49% to 30.09%)"
1588,Finance,2,Extraction (recall) + Reasoning,Not primary objective,[],0,10.0,10.0,"For Scenario 1 (FY28 exit), calculates the Net MOIC for LPs as 2.84x (acceptable range is 2.81x to 2.87x)"
1588,Finance,3,Extraction (recall) + Reasoning,Primary objective(s),[],0,10.0,10.0,"For Scenario 1 (FY28 exit), calculates the Carry for the GP as $16,671K (acceptable range is $16,505K to $16,838K)"
1588,Finance,4,Extraction (recall) + Reasoning,Not primary objective,[],0,10.0,10.0,"For Scenario 1 (FY28 exit), calculates that 17.64% of total value is generated due to EBITDA growth (acceptable range is 17.46% to 17.81%)"
1588,Finance,5,Extraction (recall) + Reasoning,Not primary objective,[],0,10.0,10.0,"For Scenario 1 (FY28 exit), calculates that 73.88% of total value is generated due to Multiple Expansion (acceptable range is 73.14% to 74.62%)"
1588,Finance,6,Extraction (recall) + Reasoning,Primary objective(s),[],0,10.0,10.0,"For Scenario 2 (FY29 exit), calculates the Net IRR for LPs as 27.36% (acceptable range is 27.09% to 27.63%)"
1588,Finance,7,Extraction (recall) + Reasoning,Not primary objective,[],0,10.0,10.0,"For Scenario 2 (FY29 exit), calculates the Net MOIC for LPs as 3.35x (acceptable range is 3.32x to 3.39x)"
1588,Finance,8,Extraction (recall) + Reasoning,Primary objective(s),[],0,10.0,10.0,"For Scenario 2 (FY29 exit), calculates the Carry for the GP as $21,228K (acceptable range is $21,016K to $21,441K)"
1588,Finance,9,Extraction (recall) + Reasoning,Not primary objective,[],0,10.0,10.0,"For Scenario 2 (FY29 exit), calculates that 18.54% of total value is generated due to EBITDA growth (acceptable range is 18.35% to 18.72%)"
1588,Finance,10,Extraction (recall) + Reasoning,Not primary objective,[],0,10.0,10.0,"For Scenario 2 (FY29 exit), calculates that 70.81% of total value is generated due to Multiple Expansion (acceptable range is 70.10% to 71.52%)"
2107,Finance,1,Extraction (recall) + Reasoning,Not primary objective,[],10,6.666666666666667,73.33333333333333,States Technology IP annual book amortization (pre-tax) is USD 16.98 million (acceptable range is USD 16.81 to 17.15)
2107,Finance,2,Extraction (recall) + Reasoning,Not primary objective,[],10,6.666666666666667,73.33333333333333,States Customer relationship annual book amortization (pre-tax) is USD 82.50 million (acceptable range is 81.68 to 83.33)
2107,Finance,3,Extraction (recall) + Reasoning,Not primary objective,[],10,6.666666666666667,73.33333333333333,States inventory step up year 1 after-tax net income impact is USD 123.75 million (acceptable range 122.51 to 124.99)
2107,Finance,4,Extraction (recall) + Reasoning,Not primary objective,[],10,6.666666666666667,73.33333333333333,States deferred revenue haircut Year-1 after-tax net income reduction = USD 44.55million (acceptable range is 44.10m to 45.00)
2107,Finance,5,Extraction (recall) + Reasoning,Not primary objective,"[1, 2, 3, 4]",8,6.666666666666667,60.0,"States opening fair value of identifiable net assets is USD 1,989.17 million (acceptable range is 1,969.28 to USD 2,009.06 )"
2107,Finance,6,Extraction (recall) + Reasoning,Primary objective(s),[5],7,6.666666666666667,53.333333333333336,"States Goodwill is USD 11,870.83 million (acceptable range 11,752.12 to 11,989.54m)"
2107,Finance,7,Extraction (recall) + Reasoning,Not primary objective,[],0,6.666666666666667,6.666666666666667,States Section 382 NOL benefit is USD 13.75m (acceptable range 13.61 to 13.89)
2107,Finance,8,Extraction (recall) + Reasoning,Not primary objective,"[6, 1]",5,6.666666666666667,40.0,States Section 338 Year-1 tax shield is USD 120.41 million (acceptable range 119.21 to 121.61)
2107,Finance,9,Extraction (recall) + Reasoning,Not primary objective,[6],5,6.666666666666667,40.0,States after-tax convertible interest effect for if-converted is USD 23.73 million (acceptable range 23.49 to 23.97)
2107,Finance,10,Extraction (recall) + Reasoning,Not primary objective,"[1, 2, 3, 4]",5,6.666666666666667,40.0,States NCI share of adjusted target Year-1 net income is USD 26.13 million (acceptable range 25.87 to 26.39)
2107,Finance,11,Extraction (recall) + Reasoning,Not primary objective,"[8, 9, 10]",4,6.666666666666667,33.333333333333336,"States Year-1 net income to common (basic) is USD 1,371.39 (acceptable range 1,357.68 to 1,385.10)"
2107,Finance,12,Extraction (recall) + Reasoning,Primary objective(s),"[9, 11, 5]",1,6.666666666666667,13.333333333333334,States US GAAP diluted EPS is USD 1.00 (acceptable range 0.99 to 1.01)
2107,Finance,13,Extraction (recall) + Reasoning,Primary objective(s),"[11, 5]",1,6.666666666666667,13.333333333333334,States Economic diluted EPS is USD 1.15 (acceptable range 1.14 to 1.16)
2107,Finance,14,Extraction (recall) + Reasoning,Primary objective(s),[12],0,6.666666666666667,6.666666666666667,States dilution vs standalone (US GAAP) is −16.67% (acceptable range is −17.67% to −15.67%)
2107,Finance,15,Extraction (recall) + Reasoning,Primary objective(s),[13],0,6.666666666666667,6.666666666666667,States dilution vs standalone (Economic) = −4.17% (acceptable range −5.17% to −3.17%)
2108,Finance,1,Extraction (recall) + Reasoning,Not primary objective,[],5,16.666666666666668,100.0,"Calculate Nike's Enterprise Value as $104,848M (Acceptable range is $103,799M to $105,896M)"
2108,Finance,2,Extraction (recall) + Reasoning,Primary objective(s),[1],1,16.666666666666668,33.333333333333336,Calculate Nike's Enterprise Value / Revenue as 2.26x (Acceptable range is 2.23 to 2.29)
2108,Finance,3,Extraction (recall) + Reasoning,Not primary objective,[1],1,16.666666666666668,33.333333333333336,Calculate Nike's Enterprise Value / EBITDA as 23.03 (Acceptable range is 22.80 to 23.26)
2108,Finance,4,Extraction (recall) + Reasoning,Not primary objective,[1],2,16.666666666666668,50.0,"Calculate Nike's Equity Value as $102,981M (Acceptable range is $101,951M to $104,010M)"
2108,Finance,5,Extraction (recall) + Reasoning,Primary objective(s),[4],1,16.666666666666668,33.333333333333336,Calculate Nike's Equity per Share as $69.23 (Acceptable range is $68.53 to $69.92)
2108,Finance,6,Reasoning,Primary objective(s),"[2, 3, 5]",0,16.666666666666668,16.666666666666668,Comment that 'Nike appears undervalued by the market'
2120,Finance,1,Extraction (recall) + Reasoning,Primary objective(s),[],0,11.11111111111111,11.11111111111111,Calculates that the largest drawdown for the S&P 500 in the five years leading up to 04/15/2025 is -25.36% (acceptable range is -25.61% to -25.11%)
2120,Finance,2,Extraction (recall) + Reasoning,Not primary objective,[],2,11.11111111111111,33.333333333333336,Determines that the largest drawdown period for the S&P 500 in the five years leading up to 04/15/2025 began on 01/03/2022 (acceptable value is 01/03/2022)
2120,Finance,3,Extraction (recall) + Reasoning,Not primary objective,[],2,11.11111111111111,33.333333333333336,Determines that the largest drawdown period for the S&P 500 in the five years leading up to 04/15/2025 ended on 10/12/2022 (acceptable value is 10/12/2022)
2120,Finance,4,Extraction (recall) + Reasoning,Not primary objective,"[2, 3]",0,11.11111111111111,11.11111111111111,Calculates that the largest drawdown for the S&P 500 in the five years leading up to 04/15/2025 lasted 282 calendar days (acceptable range is 279 calendar days to 285 calendar days)
2120,Finance,5,Extraction (recall) + Reasoning,Primary objective(s),[],0,11.11111111111111,11.11111111111111,Calculates that the largest drawdown for the Nikkei225 in the five years leading up to 04/15/2025 is -26.26% (acceptable range is -26.52% to -26.00%)
2120,Finance,6,Extraction (recall) + Reasoning,Not primary objective,[],2,11.11111111111111,33.333333333333336,Determines that the largest drawdown period for the Nikkei225 in the five years leading up to 04/15/2025 began on 07/11/2024 (acceptable value is 07/11/2024)
2120,Finance,7,Extraction (recall) + Reasoning,Not primary objective,[],2,11.11111111111111,33.333333333333336,Determines that the largest drawdown period for the Nikkei225 in the five years leading up to 04/15/2025 ended on 04/07/2025 (acceptable value is 04/07/2025)
2120,Finance,8,Extraction (recall) + Reasoning,Not primary objective,"[6, 7]",0,11.11111111111111,11.11111111111111,Calculates that the largest drawdown for the Nikkei225 in the five years leading up to 04/15/2025 lasted 270 calendar days (acceptable range is 267 calendar days to 273 calendar days)
2120,Finance,9,Extraction (recall) + Reasoning,Primary objective(s),"[2, 3, 6, 7]",0,11.11111111111111,11.11111111111111,Concludes that the Nikkei225 is the index that should be avoided based on the highest daily volatility during the largest drawdown period in the five years leading up to 04/15/2025
2121,Finance,1,Extraction (recall) + Reasoning,Not primary objective,[],0,20.0,20.0,Calculates the Weighted Average (by Total Balance) Bankruptcy Date for bankruptcy flagged loans as 12/13/2017. (Acceptable range 11/13/2017 to 1/13/2018).
2121,Finance,2,Extraction (recall) + Reasoning,Not primary objective,[],0,20.0,20.0,Calculates the concentration of bankruptcy flagged loans where the Borrower filed for bankruptcy within 5 years of the loan's origination date as 5.42%. (Acceptable range 5.37% to 5.47%).
2121,Finance,3,Extraction (recall) + Reasoning,Not primary objective,[],0,20.0,20.0,Calculates the Weighted Average Market Value (by Total Balance) for Pools 1 through 3 as 60.42%. (Acceptable range 59.81% to 61.02%).
2121,Finance,4,Extraction (recall) + Reasoning,Primary objective(s),[],0,20.0,20.0,"Calculates the aggregate loan balance write-off at maturity for Pools 1 through 3 as $14,436,180. (Acceptable range $14,291,818 to $14,580,541)."
2121,Finance,5,Extraction (recall) + Reasoning,Primary objective(s),[],0,20.0,20.0,"Calculates the implied borrowing base for Pools 1 through 3 as $7,709,178. (Acceptable range $7,632,086 to $7,786,270)."
2145,Finance,1,Extraction (recall) + Reasoning,Primary objective(s),[],2,10.0,30.0,Calculates that Coupang's beta is 0.61 (acceptable range is 0.60 to 0.62)
2145,Finance,2,Extraction (recall) + Reasoning,Not primary objective,[],3,10.0,40.0,Calculates that Coupang's 2024 total debt amount is $1.53 billion (acceptable range is $1.51 billion to $1.55 billion)
2145,Finance,3,Extraction (recall),Not primary objective,[],3,10.0,40.0,Determines that Coupang's market capitalization as of 12/31/2024 is $40.51 billion (acceptable range is $40.10 billion to $40.92 billion)
2145,Finance,4,Reasoning,Not primary objective,"[2, 3]",1,10.0,20.0,Calculates that Coupang's Debt to Total Capitalization is 3.6% (acceptable range is 3.5% to 3.7%)
2145,Finance,5,Reasoning,Not primary objective,"[2, 3]",1,10.0,20.0,Calculates that Coupang's Equity to Total Capitalization is 96.4% (acceptable range is 95.4% to 97.4%)
2145,Finance,6,Extraction (recall),Not primary objective,[],2,10.0,30.0,Determines that the Risk-Free Rate is 4.3% (acceptable value is 4.3%)
2145,Finance,7,Reasoning,Not primary objective,"[1, 6]",1,10.0,20.0,Calculates that Coupang's Cost of Equity is 8.9% (acceptable range is 8.8% to 9.0%)
2145,Finance,8,Extraction (recall),Not primary objective,[],2,10.0,30.0,Determines that Coupang's Cost of Debt is 6.8% (acceptable value is 6.8%)
2145,Finance,9,Reasoning,Not primary objective,[8],1,10.0,20.0,Calculates that Coupang's After-Tax Cost of Debt is 5.1% (acceptable range is 5.0% to 5.2%)
2145,Finance,10,Reasoning,Primary objective(s),"[4, 5, 7, 9]",0,10.0,10.0,Calculates that Coupang's WACC is 8.8% (acceptable range is 8.7% to 8.9%)
2157,Finance,1,Extraction (recall) + Reasoning,Not primary objective,[],2,14.285714285714286,42.857142857142854,"For question 1, states that total equity investment required at acquisition is $40.00M (with a tolerance range between $39.60M and $40.40M)."
2157,Finance,2,Extraction (recall) + Reasoning,Not primary objective,[],4,14.285714285714286,71.42857142857143,"For question 2, state that Summit's projected EBITDA in Year 5 is $15.19M (with an acceptable answer range between $15.04M and $15.34M)."
2157,Finance,3,Extraction (recall) + Reasoning,Not primary objective,[],3,14.285714285714286,57.142857142857146,States that ending debt balance at the end of Year 5 is $34.56M (with a tolerance range between $34.21M and $34.91M).
2157,Finance,4,Extraction (recall) + Reasoning,Not primary objective,[2],3,14.285714285714286,57.142857142857146,"For question 4, states that the Enterprise Value (EV) at exit is $106.36M (with a tolerance range between $105.30M and $107.42M)."
2157,Finance,5,Extraction (recall) + Reasoning,Not primary objective,"[4, 3]",2,14.285714285714286,42.857142857142854,"For question 5, the model states that equity value upon exit after debt repayment is $71.80M (with a tolerance range between $71.08M and $72.52M)."
2157,Finance,6,Extraction (recall) + Reasoning,Primary objective(s),"[1, 5]",0,14.285714285714286,14.285714285714286,States that the MOIC is 1.79× (with a tolerance range between 1.77× and 1.81×)
2157,Finance,7,Extraction (recall) + Reasoning,Primary objective(s),"[1, 5]",0,14.285714285714286,14.285714285714286,States that the IRR is 12.4% (with a tolerance range between 12.2% and 12.6%).
2186,Finance,1,Reasoning,Not primary objective,[],1,20.0,40.0,"States the Enterprise Value as £10,000,000 (acceptable value is £10,000,000)"
2186,Finance,2,Extraction (recall) + Reasoning,Primary objective(s),[],1,20.0,40.0,"Calculates excess cash as £15,000 (acceptable value is £15,000)"
2186,Finance,3,Extraction (recall) + Reasoning,Primary objective(s),[],1,20.0,40.0,"Calculates Debt/Debt-like items as £7,000 (acceptable value is £7,000)"
2186,Finance,4,Extraction (recall) + Reasoning,Primary objective(s),[],1,20.0,40.0,"Calculates the net working capital adjustment at Mar-25 of £1,667 (acceptable range between £1,650 and £1,684)"
2186,Finance,5,Reasoning,Primary objective(s),"[1, 2, 3, 4]",0,20.0,20.0,"Calculate the Equity value for the company at Mar-25 of £10,009,667 (acceptable range £10,009,650 to £10,009,684)"
2192,Finance,1,Extraction (recall) + Reasoning,Not primary objective,[],2,20.0,60.0,Calculates the YTM at tender price (YTM_Tender) as 2.204% (acceptabel range is 2.182% to 2.226%)
2192,Finance,2,Extraction (recall) + Reasoning,Not primary objective,[],3,20.0,80.0,Calculates the curve-consistent YTM (YTM_Hold) as 2.158% (acceptable range is 2.136% to 2.180%)
2192,Finance,3,Reasoning,Primary objective(s),"[1, 2]",1,20.0,40.0,Calculates the delta in yields between YTM_Tender and YTM_Hold (Delta_YTM) as 4.5bps (acceptable range is 4.4bps to 4.6bps)
2192,Finance,4,Reasoning,Primary objective(s),[3],0,20.0,20.0,States not to proceed with the tender
2192,Finance,5,Extraction (recall) + Reasoning,Not primary objective,[2],0,20.0,20.0,Calculates the breakeven tender price as 104.963 (acceptable range is 103.913 to 106.013)
2205,Finance,1,Reasoning,Not primary objective,[],3,16.666666666666668,66.66666666666667,Calculates the bond's yield to maturity on 01-Oct-25 as 4.718% (acceptable range is 4.671% to 4.765%)
2205,Finance,2,Reasoning,Not primary objective,[],3,16.666666666666668,66.66666666666667,Calculates the bond's yield to maturity on 15-Oct-25 as 4.533% (acceptable range is 4.488% to 4.578%)
2205,Finance,3,Extraction (recall) + Reasoning,Not primary objective,[1],2,16.666666666666668,50.0,Calculates the bond's credit spread (i-spread) on 01-Oct-25 as 219.8bps (acceptable range is 217.6bps to 222.0bps)
2205,Finance,4,Extraction (recall) + Reasoning,Not primary objective,[2],2,16.666666666666668,50.0,Calculates the bond's credit spread (i-spread) on 15-Oct-25 as 198.7bps (acceptable range is 196.7bps to 200.7bps)
2205,Finance,5,Reasoning,Primary objective(s),"[3, 4]",1,16.666666666666668,33.333333333333336,Calculates the movement in credit spreads as -21.1bps (acceptable range is -21.3bps to -20.9bps)
2205,Finance,6,Reasoning,Primary objective(s),[5],0,16.666666666666668,16.666666666666668,Determines that the movement in credit spreads is material.
2217,Finance,1,Extraction (recall) + Reasoning,Not primary objective,[],8,10.0,90.0,Calculates basic shares outstanding as 256.9 million (acceptable range from 254.4 million to 259.5 million)
2217,Finance,2,Extraction (recall) + Reasoning,Not primary objective,[],8,10.0,90.0,Calculates total dilutive shares (impact of dilutive securities) as 27.8 million (acceptable range from 27.5 million to 28.1 million)
2217,Finance,3,Reasoning,Not primary objective,"[1, 2]",7,10.0,80.0,Calculates fully diluted shares outstanding as 284.8 million (acceptable range from 281.9 million to 287.6 million)
2217,Finance,4,Extraction (recall) + Reasoning,Primary objective(s),[3],6,10.0,70.0,"Calculates fully diluted market capitalization (based on VWAP) as $94,404 million (acceptable range from $93,460 million to $95,348 million)"
2217,Finance,5,Extraction (recall) + Reasoning,Primary objective(s),[4],3,10.0,40.0,"Calculates enterprise value as $84,444 million (acceptable range from $83,600 million to $85,289 million)"
2217,Finance,6,Extraction (recall) + Reasoning,Not primary objective,[5],0,10.0,10.0,"Calculates enterprise value to last twelve months (LTM) June 30, 2025, Revenue as 12.0x (acceptable range from 11.8x to 12.2x)"
2217,Finance,7,Extraction (recall) + Reasoning,Not primary objective,[5],0,10.0,10.0,"Calculates enterprise value to last twelve months (LTM) June 30, 2025, Gross Profit as 14.1x (acceptable range from 13.9x to 14.3x)"
2217,Finance,8,Extraction (recall) + Reasoning,Not primary objective,[5],0,10.0,10.0,"Calculates enterprise value to last twelve months (LTM) June 30, 2025, Operating Income as 44.8x (acceptable range from 44.3x to 45.3x)"
2217,Finance,9,Extraction (recall) + Reasoning,Not primary objective,[4],0,10.0,10.0,"Calculates fully diluted market capitalization (using VWAP) to last twelve months (LTM) June 30, 2025, Revenue as 13.5x (acceptable range from 13.2x to 13.8x)"
2217,Finance,10,Extraction (recall) + Reasoning,Not primary objective,[4],0,10.0,10.0,"Calculates fully diluted market capitalization (using VWAP) to last twelve months (LTM) June 30, 2025, Net Income as 33.0x (acceptable range from 32.5x to 33.5x)"
2228,Finance,1,Extraction (recall) + Reasoning,Not primary objective,[],2,20.0,60.0,"Calculates the forward twelve-month (FY30) Net Operating Income (NOI) as 2,141,043 (Acceptable range of 2,119,632 to 2,162,453)"
2228,Finance,2,Extraction (recall) + Reasoning,Primary objective(s),[1],1,20.0,40.0,"Calculates the gross proceeds from the sale of the property in FY29, excluding selling costs as 35,684,042 (Acceptable range of 35,327,202 to 36,040,883)."
2228,Finance,3,Extraction (recall) + Reasoning,Not primary objective,[2],0,20.0,20.0,"Calculates the total selling costs associated with the sale of the property as 535,261 (Acceptable range of 529,908 to 540,613)"
2228,Finance,4,Extraction (recall) + Reasoning,Not primary objective,[],0,20.0,20.0,"Calculates the principal balance of the senior debt repaid at maturity (FY29) as 11,052,806 (Acceptable range of 10,942,278 to 11,163,334)"
2228,Finance,5,Extraction (recall) + Reasoning,Not primary objective,[],0,20.0,20.0,"Principal balance of the mezzanine debt repaid at maturity (FY29) is 2,898,185 (Acceptable range of 2,869,203 to 2,927,167)"
2230,Finance,1,Extraction (recall) + Reasoning,Not primary objective,[],5,12.5,75.0,States that the 4.5 month USD/GBP forward rate is 0.788566 (acceptable range is 0.780680 to 0.796452)
2230,Finance,2,Extraction (recall) + Reasoning,Not primary objective,[],3,12.5,50.0,"States that total USD consideration at close is USD 1,308,356,290.76 (acceptable range is 1,295,272,727.85 to 1,321,439,853.67)"
2230,Finance,3,Reasoning,Primary objective(s),"[1, 2]",2,12.5,37.5,"States that total GBP consideration at close is GBP 1,031,725,286.78 (acceptable range is 1,021,408,033.91 to 1,042,042,539.65)"
2230,Finance,4,Extraction (recall) + Reasoning,Not primary objective,[1],1,12.5,25.0,"States that net GBP inflow at close (Option A) is GBP 30,799,540.21 (acceptable range is 30,491,544.81 to 31,107,535.61)"
2230,Finance,5,Extraction (recall) + Reasoning,Not primary objective,[1],1,12.5,25.0,"States that net GBP inflow at close (Option B) is GBP 32,611,277.87 (acceptable range is 32,285,165.09 to 32,937,390.65)"
2230,Finance,6,Extraction (recall) + Reasoning,Primary objective(s),"[1, 3, 4]",0,12.5,12.5,"States that gross USD Term Loan B (Option A) is USD 929,530,718.89 (acceptable range is 920,235,411.70 to 938,826,026.08)"
2230,Finance,7,Extraction (recall) + Reasoning,Primary objective(s),"[1, 3, 5]",0,12.5,12.5,"States that gross USD Term Loan B (Option B) is USD 927,179,667.14 (acceptable range is 917,907,870.47 to 936,451,463.81)"
2230,Finance,8,Extraction (recall) + Reasoning,Primary objective(s),[],0,12.5,12.5,"States that year 1 net GBP remittance difference (Option B - Option A) is GBP 1,290,350.05 (acceptable range is 1,277,446.55 to 1,303,253.55)"
2232,Finance,1,Extraction (recall) + Reasoning,Not primary objective,[],6,10.0,70.0,"Calculates Total Use of Funds as $25,537,500 (Acceptable range of $25,282,125 to $25,792,875)"
2232,Finance,2,Extraction (recall) + Reasoning,Not primary objective,[1],3,10.0,40.0,"Calculates Total Initial Equity Investment as $10,537,500 (Acceptable range of $10,432,125 to $10,642,875)"
2232,Finance,3,Extraction (recall) + Reasoning,Not primary objective,[],3,10.0,40.0,"Calculates Total Unlevered Returns as $42,010,753 (Acceptable range of $41,590,646 to $42,430,861)"
2232,Finance,4,Extraction (recall) + Reasoning,Primary objective(s),"[1, 3]",2,10.0,30.0,Calculates Unlevered Equity Multiple (MOIC) as 1.65x (Acceptable range of 1.63x to 1.67x)
2232,Finance,5,Reasoning,Primary objective(s),[4],0,10.0,10.0,Concludes that the project does meet the minimum Unlevered MOIC requirement of the debt lenders
2232,Finance,6,Extraction (recall) + Reasoning,Not primary objective,[],0,10.0,10.0,"Calculates Replacement reserve balance returned to equity investors as $72,455 (Acceptable range of $71,730 to $73,179)"
2232,Finance,7,Extraction (recall) + Reasoning,Not primary objective,[],3,10.0,40.0,"Calculates the Total Levered Returns as $22,696,135 (Acceptable range of $22,469,174 to $22,923,097)"
2232,Finance,8,Extraction (recall) + Reasoning,Primary objective(s),"[7, 2]",2,10.0,30.0,Calculates Levered Equity Multiple (MOIC) as 2.15x (Acceptable range of 2.13x to 2.18x)
2232,Finance,9,Reasoning,Primary objective(s),[8],0,10.0,10.0,Concludes that the project does meet the minimum levered MOIC requirement of equity investors
2232,Finance,10,Extraction (recall) + Reasoning,Not primary objective,"[4, 8]",0,10.0,10.0,Calculates the Percentage difference between Unlevered MOIC and Levered MOIC as 30.93% (Acceptable range of 30.63% to 31.23% )
2261,Finance,1,Extraction (recall) + Reasoning,Not primary objective,[],5,10.0,60.0,"Determine the total weighted Stable Retail Deposits as at 31 December 2025 as £66,736 million. (Acceptable range is £66,136 million to £67,336 million)"
2261,Finance,2,Extraction (recall) + Reasoning,Not primary objective,[],5,10.0,60.0,"Determine the total weighted Less Stable Retail Deposit as at 31 December 2025 as £135,875m. (Acceptable range is £134,875m to £136,875m)"
2261,Finance,3,Reasoning,Not primary objective,"[1, 2]",4,10.0,50.0,"Determine the total weighted Retail Deposit as at 31 December 2025 as £202,611 million. (Acceptable range is £200,611 million to £204,611 million)"
2261,Finance,4,Extraction (recall) + Reasoning,Not primary objective,[],5,10.0,60.0,"Determine the total weighted Operational Deposits as at 31 December 2025 as £12,084 million (Acceptable value is £11,984 million to £12,184 million)"
2261,Finance,5,Extraction (recall) + Reasoning,Not primary objective,[],5,10.0,60.0,"Determine the total weighted Other Wholesale Funding as at 31 December 2025 as £213,070 million (Acceptable range is £211,070 million to £215,070 million)"
2261,Finance,6,Reasoning,Not primary objective,"[4, 5]",4,10.0,50.0,"Determine the total weighted Wholesale Funding as at 31 December 2025 as £225,154 million (Acceptable range is £223,154 million to £227,154 million)"
2261,Finance,7,Extraction (recall) + Reasoning,Primary objective(s),"[6, 3]",3,10.0,40.0,"Determine the total weighted ASF as at 31 December 2025 is £480,876 million (Acceptable range is £476,876 million to £484,876 million)"
2261,Finance,8,Extraction (recall) + Reasoning,Primary objective(s),[7],2,10.0,30.0,Determine the Net Stable Funding Ratio (NSFR) as at 31 December 2025 as 123% (acceptable range is 121% to 125%)
2261,Finance,9,Reasoning,Primary objective(s),[8],0,10.0,10.0,"Assess that the projected NSFR as at 31 December 2025 has not changed materially (i.e., by more than +/- 5%) compared to 30 June 2025."
2261,Finance,10,Reasoning,Not primary objective,[8],0,10.0,10.0,Determine that the bank will still be operating within Basel III's Net Stable Funding Ratio (NSFR) framework based on the projected NSFR as at 31 December 2025.
2266,Finance,1,Extraction (recall) + Reasoning,Not primary objective,[],0,20.0,20.0,Calculates the average EV to EBITDA multiple for efficient companies domiciled in Germany as 39.65x (acceptable value range is 37.66x to 41.64x)
2266,Finance,2,Extraction (recall) + Reasoning,Not primary objective,[],1,20.0,40.0,Calculates the average EV to EBITDA multiple for efficient companies domiciled in Japan as 33.80x (acceptable value range is 32.11x to 35.49x)
2266,Finance,3,Extraction (recall) + Reasoning,Not primary objective,[],0,20.0,20.0,Calculates the average EV to EBITDA multiple for efficient companies domiciled in the UK as 35.68x (acceptable value range is 33.90x to 37.46x)
2266,Finance,4,Extraction (recall) + Reasoning,Not primary objective,[],0,20.0,20.0,Calculates the average EV to EBITDA multiple for efficient companies domiciled in the US as 32.77x (acceptable value range is 31.13x to 34.41x)
2266,Finance,5,Extraction (recall) + Reasoning,Primary objective(s),[2],0,20.0,20.0,Identifies that the company's EV to EBITDA multiple of 30.0x is lower than the average EV to EBITDA multiple of efficient companies domiciled in Japan
2269,Finance,1,Extraction (recall) + Reasoning,Not primary objective,[],2,7.6923076923076925,23.076923076923077,"Calculates FY25F revenue recognized from long term contracts as € 3,500k (acceptable range € 3,490k to € 3,510k)"
2269,Finance,2,Extraction (recall) + Reasoning,Not primary objective,[],2,7.6923076923076925,23.076923076923077,"Calculates FY26F revenue recognized from long term contracts as € 3,350k (acceptable range € 3,340k to € 3,360k)"
2269,Finance,3,Extraction (recall) + Reasoning,Not primary objective,[],2,7.6923076923076925,23.076923076923077,"Calculates FY27F revenue recognized from long term contracts as € 3,550k (acceptable range € 3,540k to € 3,560k)"
2269,Finance,4,Extraction (recall) + Reasoning,Not primary objective,[],2,7.6923076923076925,23.076923076923077,"Calculates FY25F cash received from long term contracts as € 3,200k (acceptable range € 3,190k - € 3,210k)"
2269,Finance,5,Extraction (recall) + Reasoning,Not primary objective,[],2,7.6923076923076925,23.076923076923077,"Calculates FY26F cash received from long term contracts as € 2,900k (acceptable range € 2,890k - € 2,910k)"
2269,Finance,6,Extraction (recall) + Reasoning,Not primary objective,[],2,7.6923076923076925,23.076923076923077,"Calculates FY27F cash received from long term contracts as € 3,220k (acceptable range € 3,210k - € 3,230k)"
2269,Finance,7,Extraction (recall) + Reasoning,Not primary objective,"[1, 4]",1,7.6923076923076925,15.384615384615385,"Calculates FY25F CFADS as € 1,365k (acceptable range € 1,355k to € 1,375k)"
2269,Finance,8,Extraction (recall) + Reasoning,Not primary objective,"[2, 5]",1,7.6923076923076925,15.384615384615385,"Calculates FY26F CFADS as € 1,157k (acceptable range : € 1,147k to € 1,167k)"
2269,Finance,9,Extraction (recall) + Reasoning,Not primary objective,"[3, 6]",1,7.6923076923076925,15.384615384615385,"Calculates FY27F CFADS as € 1,009k (acceptable range € 999k to € 1,019k)"
2269,Finance,10,Extraction (recall) + Reasoning,Primary objective(s),[7],0,7.6923076923076925,7.6923076923076925,Calculates FY25F DSCR as 1.39 (acceptable range 1.37 to 1.41)
2269,Finance,11,Extraction (recall) + Reasoning,Primary objective(s),[8],0,7.6923076923076925,7.6923076923076925,Calculates FY26F DSCR as 1.17 (acceptable range 1.15 to 1.19)
2269,Finance,12,Extraction (recall) + Reasoning,Primary objective(s),[9],0,7.6923076923076925,7.6923076923076925,Calculates FY27F DSCR as 1.04 (acceptable range 1.02 to 1.06)
2269,Finance,13,Reasoning,Primary objective(s),[],0,7.6923076923076925,7.6923076923076925,Gives final answer as DSCR is below 1.15 in each forecast year
2287,Finance,1,Reasoning,Primary objective(s),[],0,9.090909090909092,9.090909090909092,Determines the IRR of KatNip as 17.9%. (acceptable range of 17.8% to 18.0%).
2287,Finance,2,Reasoning,Primary objective(s),[],0,9.090909090909092,9.090909090909092,Determines the MOIC of KatNip as 1.5x. (acceptable range of 1.4x to 1.6x).
2287,Finance,3,Reasoning,Not primary objective,[],0,9.090909090909092,9.090909090909092,Determines NPV at a 10% discount rate of KatNip as $10.9MM. (acceptable range of $10.8MM to $11.0MM).
2287,Finance,4,Reasoning,Not primary objective,[],0,9.090909090909092,9.090909090909092,Determines NPV at a 15% discount rate of KatNip as $3.7MM. (acceptable range of $3.6MM to $3.8MM).
2287,Finance,5,Reasoning,Not primary objective,[],0,9.090909090909092,9.090909090909092,Determines NPV at a 20% discount rate of KatNip as -$2.3MM. (acceptable range of -$2.4MM to -$2.2MM).
2287,Finance,6,Reasoning,Not primary objective,[],0,9.090909090909092,9.090909090909092,Determine the required Sale Value to achieve a 15% IRR as $2.9MM. (acceptable range of $2.8MM to $3.0MM).
2287,Finance,7,Reasoning,Not primary objective,[],0,9.090909090909092,9.090909090909092,Determine the required Sale Value to achieve a 20% IRR as $15.7MM. (acceptable range of $15.5MM to $15.9MM).
2287,Finance,8,Reasoning,Not primary objective,[],0,9.090909090909092,9.090909090909092,Determine the required Sale Value to achieve a 25% IRR as $31.6MM. (acceptable range of $31.3MM to $31.9MM).
2287,Finance,9,Reasoning,Not primary objective,[],0,9.090909090909092,9.090909090909092,Determine the required unit profit price to achieve a 15% IRR as $140.15. (acceptable range of $138.75 to $141.55).
2287,Finance,10,Reasoning,Not primary objective,[],0,9.090909090909092,9.090909090909092,Determine the required unit profit price to achieve a 20% IRR as $157.05. (acceptable range of $155.48 to $158.62).
2287,Finance,11,Reasoning,Not primary objective,[],0,9.090909090909092,9.090909090909092,Determine the required unit profit price to achieve a 25% IRR as $174.45. (acceptable range of $172.71 to $176.19).
2288,Finance,1,Extraction (recall) + Reasoning,Not primary objective,[],10,8.333333333333334,91.66666666666667,"Calculates basic shares outstanding as 3,979.9 million (acceptable range from 3,940.1 million to 4,019.7 million)"
2288,Finance,2,Extraction (recall) + Reasoning,Not primary objective,[],10,8.333333333333334,91.66666666666667,Calculates total dilutive shares (impact of dilutive securities) as 96.2 million (acceptable range from 95.3 million to 97.2 million)
2288,Finance,3,Reasoning,Not primary objective,"[1, 2]",9,8.333333333333334,83.33333333333333,"Calculates fully diluted shares outstanding as 4,076.1 million (acceptable range from 4,035.3 million to 4,116.8 million)"
2288,Finance,4,Extraction (recall) + Reasoning,Not primary objective,[3],8,8.333333333333334,75.0,"Calculates fully diluted market capitalization excluding Ford Credit (Ford Auto FD Market Cap) as $34,045 million (acceptable range from $33,704 million to $34,385 million)"
2288,Finance,5,Extraction (recall) + Reasoning,Not primary objective,[4],4,8.333333333333334,41.666666666666664,"Calculates enterprise value excluding Ford Credit (Ford Auto EV) as $25,020 million (acceptable range from $24,770 million to $25,270 million)"
2288,Finance,6,Extraction (recall) + Reasoning,Primary objective(s),[5],0,8.333333333333334,8.333333333333334,"Calculates Ford Auto EV to LTM June 30, 2025 Revenue as 0.15x (acceptable range from 0.13x to 0.17x)"
2288,Finance,7,Extraction (recall) + Reasoning,Primary objective(s),[5],0,8.333333333333334,8.333333333333334,"Calculates Ford Auto EV to LTM June 30, 2025 Operating Income as 22.79x (acceptable range from 22.33x to 23.24x)"
2288,Finance,8,Extraction (recall) + Reasoning,Primary objective(s),[5],0,8.333333333333334,8.333333333333334,"Calculates Ford Auto EV to LTM June 30, 2025 EBITDA as 4.08x (acceptable range from 3.92x to 4.24x)"
2288,Finance,9,Extraction (recall) + Reasoning,Primary objective(s),[5],0,8.333333333333334,8.333333333333334,"Calculates Ford Auto EV to LTM June 30, 2025 UFCF as 8.95x (acceptable range from 8.70x to 9.20x)"
2288,Finance,10,Extraction (recall) + Reasoning,Primary objective(s),[4],0,8.333333333333334,8.333333333333334,"Calculates Ford Auto FD Market Cap to LTM June 30, 2025 Revenue as 0.20x (acceptable range from 0.18x to 0.22x)"
2288,Finance,11,Extraction (recall) + Reasoning,Primary objective(s),[4],0,8.333333333333334,8.333333333333334,"Calculates Ford Auto FD Market Cap to LTM June 30, 2025 Net Income Attributable to Ford Motor Company as 24.03x (acceptable range from 23.63x to 24.43x)"
2288,Finance,12,Extraction (recall) + Reasoning,Primary objective(s),[4],0,8.333333333333334,8.333333333333334,"Calculates Ford Auto FD Market Cap to LTM June 30, 2025 FCF as 18.05x (acceptable range from 17.70x to 18.40x)"
2294,Finance,1,Extraction (recall) + Reasoning,Not primary objective,[],8,6.25,56.25,States that Normalized EBITDA at emergence is $240.00m (acceptable range is $237.60m to $242.40m)
2294,Finance,2,Extraction (recall) + Reasoning,Not primary objective,[1],4,6.25,31.25,"States that Reorganized TEV at emergence is $1,800.00m (acceptable range is $1,782.00m to $1,818.00m)"
2294,Finance,3,Extraction (recall) + Reasoning,Not primary objective,[],9,6.25,62.5,States that minimum Exit Term Loan principal required is $135.00m (acceptable range is $133.65m to $136.35m)
2294,Finance,4,Extraction (recall) + Reasoning,Not primary objective,[3],0,6.25,6.25,States that Year-1 cash interest expense on the Exit TL is $10.80m (acceptable range is $10.69m to $10.91m)
2294,Finance,5,Extraction (recall) + Reasoning,Not primary objective,[3],5,6.25,37.5,States that Post-emergence net debt is $95.00m (acceptable range is $94.05m to $95.95m)
2294,Finance,6,Reasoning,Primary objective(s),"[5, 1]",0,6.25,6.25,States that net debt/ EBITDA is 0.3958x (acceptable range is 0.3918x to 0.3998x)
2294,Finance,7,Reasoning,Not primary objective,"[2, 5]",3,6.25,25.0,"States that Equity value at emergence is $1,705.00m (acceptable range is $1,687.95m to $1,722.05m)"
2294,Finance,8,Extraction (recall) + Reasoning,Not primary objective,[7],0,6.25,6.25,States that Implied per-share price at emergence is $17.05 per share (acceptable range is $16.88 per share to $17.22 per share)
2294,Finance,9,Extraction (recall) + Reasoning,Not primary objective,[],4,6.25,31.25,States that total new shares issued in the rights offering is 20.00m shares (acceptable range is 19.80m shares to 20.20m shares)
2294,Finance,10,Extraction (recall) + Reasoning,Primary objective(s),"[7, 9]",1,6.25,12.5,States that first-lien fully diluted ownership after rights/backstop/MIP is 61.77% (acceptable range is 61.15% to 62.39%)
2294,Finance,11,Extraction (recall) + Reasoning,Primary objective(s),[10],0,6.25,6.25,States that second-lien fully diluted ownership after rights/backstop/MIP is 25.33% (acceptable range is 25.08% to 25.58%)
2294,Finance,12,Extraction (recall) + Reasoning,Primary objective(s),"[1, 3]",1,6.25,12.5,States that headroom to the springing net first lien leverage covenant at close is $510.00m (acceptable range is $504.90m to $515.10m)
2294,Finance,13,Extraction (recall) + Reasoning,Primary objective(s),[12],0,6.25,6.25,States that maximum incremental first-lien debt is $220.00m (acceptable range is $217.80m to $222.20m)
2294,Finance,14,Extraction (recall) + Reasoning,Primary objective(s),[],0,6.25,6.25,States that gross exit TL principal required if there is OID (2.00%) and an upfront fee (1.00%) and 40% of the DIP new money principal may roll into the exit TL at par is $136.95m (acceptable range is $135.85m to $138.32m)
2294,Finance,15,Extraction (recall) + Reasoning,Not primary objective,[9],1,6.25,12.5,"States that post-rights/ post backstop share count for first lien (assuming only 60% of rights are subscribed by eligible holders, the backstop (first lien) purchases 100% of the unsubscribed 40% at the rights price) is 77.67m shares (acceptable range is 76.89m shares to 78.45m shares)"
2294,Finance,16,Extraction (recall) + Reasoning,Primary objective(s),[15],0,6.25,6.25,"States that fully diluted ownership % of first lien (assuming only 60% of rights are subscribed by eligible holders, the backstop (first lien) purchases 100% of the unsubscribed 40% at the rights price) is 63.70% (acceptable range is 63.06% to 64.34%)"
2302,Finance,1,Extraction (recall) + Reasoning,Not primary objective,[],0,10.0,10.0,Reports the Cash and Equivalents in 2025 as 4726.21 (Acceptable range 4655.31 to 4797.10).
2302,Finance,2,Extraction (recall) + Reasoning,Not primary objective,[],0,10.0,10.0,Reports the Cash and Equivalents in 2029 as 2302.18 (Acceptable range from 2267.65 to 2336.71)
2302,Finance,3,Extraction (recall) + Reasoning,Not primary objective,[],0,10.0,10.0,Reports the FCFF for 2025 as 17807.26 (Acceptable range from 17540.15 to 18074.37)
2302,Finance,4,Extraction (recall) + Reasoning,Not primary objective,[],6,10.0,70.0,Reports the FCFF for 2029 as 24508.03 (Acceptable range from 24140.38 to 24875.62)
2302,Finance,5,Extraction (recall) + Reasoning,Not primary objective,[4],5,10.0,60.0,Reports the terminal value of FCFF as 511318.65 (Acceptable Range from 503648.87 to 518988.43)
2302,Finance,6,Reasoning,Not primary objective,[5],4,10.0,50.0,Reports the PV of terminal value of FCFF as 375576.07 (Acceptable range from 369942.43 to 381209.71)
2302,Finance,7,Extraction (recall) + Reasoning,Not primary objective,[6],3,10.0,40.0,Reports the Enterprise Value as 469612.37 (Acceptable range from 462568.18 to 476656.55)
2302,Finance,8,Extraction (recall) + Reasoning,Not primary objective,[7],2,10.0,30.0,Reports the Equity Value as 311902.37 (Acceptable range from 307223.83 to 316581.00)
2302,Finance,9,Extraction (recall) + Reasoning,Primary objective(s),[8],1,10.0,20.0,Reports the Implied Share Price as 43.30 (Acceptable range from 42.65 to 43.95).
2302,Finance,10,Extraction (recall) + Reasoning,Primary objective(s),[9],0,10.0,10.0,States the firm is undervalued because implied share Price exceeds latest share price
2308,Finance,1,Extraction (recall) + Reasoning,Not primary objective,[],0,7.6923076923076925,7.6923076923076925,Calculates oversubscription as 125.38% (acceptable range is 124.13% to 126.63%)
2308,Finance,2,Extraction (recall) + Reasoning,Not primary objective,[],0,7.6923076923076925,7.6923076923076925,"Calculates pro rata hedge fund allocation as $127,599,993.76 (acceptable range is $126,323,993.82 to $128,875,993.70)"
2308,Finance,3,Extraction (recall) + Reasoning,Not primary objective,[],0,7.6923076923076925,7.6923076923076925,"Calculates pro rata long only allocation as $372,400,006.24 (acceptable range is $368,676,006.18 to $376,124,006.30)"
2308,Finance,4,Extraction (recall) + Reasoning,Primary objective(s),[],2,7.6923076923076925,23.076923076923077,"Calculates pro rata aftermarket selling volume as $100,852,402.84 (acceptable range is $99,843,878.81 to $101,860,926.87)"
2308,Finance,5,Extraction (recall) + Reasoning,Not primary objective,[],0,7.6923076923076925,7.6923076923076925,Calculates pro rata weighted holding period as 80.80 days (acceptable range is 80.00 to 81.61)
2308,Finance,6,Reasoning,Primary objective(s),[4],0,7.6923076923076925,7.6923076923076925,Calculates pro rata flip percentage as 20.17% (acceptable range is 19.97% to 20.37%)
2308,Finance,7,Extraction (recall) + Reasoning,Primary objective(s),[4],0,7.6923076923076925,7.6923076923076925,Identifies hedge funds as the main driver of flips under pro rata
2308,Finance,8,Extraction (recall) + Reasoning,Not primary objective,[],1,7.6923076923076925,15.384615384615385,Calculates flip based hedge fund allocation as $0.00
2308,Finance,9,Extraction (recall) + Reasoning,Not primary objective,[],1,7.6923076923076925,15.384615384615385,"Calculates flip based long only allocation as $500,000,000.00 (acceptable range $495,000,000.00 to $505,000,000.00)"
2308,Finance,10,Extraction (recall) + Reasoning,Primary objective(s),[],1,7.6923076923076925,15.384615384615385,"Calculates flip based aftermarket selling volume as $47,897,740.79 (acceptable range $47,418,763.38 to $48,376,718.20)"
2308,Finance,11,Extraction (recall) + Reasoning,Not primary objective,[],0,7.6923076923076925,7.6923076923076925,Calculates flip based weighted holding period as 112.53 days (acceptable range 111.40 to 113.66)
2308,Finance,12,Reasoning,Primary objective(s),[10],0,7.6923076923076925,7.6923076923076925,Calculates flip based flip percentage as 9.58% (acceptable range 9.48% to 9.68%)
2308,Finance,13,Reasoning,Not primary objective,"[8, 9]",0,7.6923076923076925,7.6923076923076925,Identifies long only as the driver of flips under flip-based allocation strategy
2315,Finance,1,Extraction (recall) + Reasoning,Primary objective(s),[],0,10.0,10.0,"Calculates the Aggregate LBM for the pool as $168,728,114.72. (Acceptable range 167,040,833.57 to 170,415,395.86)."
2315,Finance,2,Extraction (recall) + Reasoning,Not primary objective,[],0,10.0,10.0,Calculates the weighted average (by Total Loan) LBM-to-PP for the pool as 156.37%. (Acceptable range 154.81% to 157.93%).
2315,Finance,3,Extraction (recall) + Reasoning,Primary objective(s),[],0,10.0,10.0,Calculates the weighted average (by Total Loan) LBM-to-ARV for the pool as 74.66%. (Acceptable range 73.92% to 75.41%).
2315,Finance,4,Extraction (recall) + Reasoning,Not primary objective,[],0,10.0,10.0,Calculates the concentration of loans with LBM-to-PP greater than 100% as 93.60%. (Acceptable range 92.67% to 94.54%).
2315,Finance,5,Extraction (recall) + Reasoning,Not primary objective,[],0,10.0,10.0,Calculates the concentration of loans with LBM-to-ARV greater than 100% as 0.45%. (Acceptable range 0.44% to 0.46%).
2315,Finance,6,Extraction (recall) + Reasoning,Primary objective(s),[],0,10.0,10.0,"Calculates the Aggregate SLBM for the pool as $179,150,144.92. (Acceptable range 177,358,643.47 to 180,941,646.37)."
2315,Finance,7,Extraction (recall) + Reasoning,Not primary objective,[],0,10.0,10.0,Calculates the weighted average (by Total Loan) SLBM-to-PP for the pool as 166.04%. (Acceptable range 164.37% to 167.70%).
2315,Finance,8,Extraction (recall) + Reasoning,Primary objective(s),[],0,10.0,10.0,Calculates the weighted average (by Total Loan) SLBM-to-ARV for the pool as 79.28%. (Acceptable range 78.49% to 80.07%).
2315,Finance,9,Extraction (recall) + Reasoning,Not primary objective,[],0,10.0,10.0,Calculates the concentration of loans with SLBM-to-PP greater than 100% as 95.91%. (Acceptable range 94.95% to 96.87%).
2315,Finance,10,Extraction (recall) + Reasoning,Not primary objective,[],0,10.0,10.0,Calculates the concentration of loans with SLBM-to-ARV greater than 100% as 0.45%. (Acceptable range 0.44% to 0.46%).
2317,Finance,1,Extraction (recall),Not primary objective,[],0,10.0,10.0,States the total amount of cash that Telefonica Deutschland will receive for selling the first tranche of its sites is €945m (acceptable value is €945m).
2317,Finance,2,Extraction (recall),Not primary objective,[],0,10.0,10.0,States the total amount of cash that Telefonica Deutschland will receive for selling the second tranche of its sites is €632m (acceptable value is €632m).
2317,Finance,3,Extraction (recall),Not primary objective,[],0,10.0,10.0,States Telefonica Deutschland will receive cash in the amount of €766m in 2020 related to the transaction in which it sells its sites (acceptable value is €766m).
2317,Finance,4,Extraction (recall) + Reasoning,Not primary objective,[],0,10.0,10.0,States Telefonica Deutschland will receive cash in the amount of €552m in 2021 related to the transaction in which it sells its sites (acceptable range is €546m to €558m).
2317,Finance,5,Extraction (recall),Not primary objective,[],0,10.0,10.0,States Telefonica Deutschland will receive cash in the amount of €16m in 2022 related to the transaction in which it sells its sites (acceptable value is €16m).
2317,Finance,6,Extraction (recall) + Reasoning,Not primary objective,[],0,10.0,10.0,States Telefonica Deutschland will receive cash in the amount of €243m in 2025 related to the transaction in which it sells its sites (acceptable range is €240m to €246m).
2317,Finance,7,Extraction (recall) + Reasoning,Not primary objective,[],3,10.0,40.0,Calculates that Telxius can expect to generate EBITDA upon completion of the sale of the sites by Telefonica Deutschland in the amount of €65m p.a. (acceptable range is €64m to €66m).
2317,Finance,8,Extraction (recall) + Reasoning,Primary objective(s),[7],0,10.0,10.0,Calculates that lease payments in Telefonica Deutschland's cash flow statement upon completion of the sale of its towers and the deployment of the new sites will increase by €60m p.a. (acceptable range is €59m to €61m).
2317,Finance,9,Extraction (recall) + Reasoning,Primary objective(s),[7],1,10.0,20.0,Calculates Telefonica Deutschland's new 2020 FCF to be €425m based on 1H20 consensus figures excluding one-offs and upon completion of the transaction and its related cash leases but without taking into account the deployment of new sites (acceptable range is €420m to €430m).
2317,Finance,10,Extraction (recall) + Reasoning,Primary objective(s),[9],0,10.0,10.0,Calculates Telefonica Deutschland's new 2020 FCF yield excluding one-offs and upon completion of the transaction but without taking into account the deployment of new sites to be 4.3% (acceptable range is 4.25% to 4.35%).
2333,Finance,1,Extraction (recall) + Reasoning,Not primary objective,[],3,9.090909090909092,36.36363636363637,Calculates the STC as 278.57 bps over the base (acceptable range is 275.79 bps to 281.36 bps).
2333,Finance,2,Reasoning,Not primary objective,[1],2,9.090909090909092,27.272727272727273,Calculates the decimal annual discount rate for PV as 0.02786 (acceptable range is 0.02758 to 0.02814).
2333,Finance,3,Reasoning,Not primary objective,[5],2,9.090909090909092,27.272727272727273,Calculates issuer day-one net cash for the TLB as $496.2mm (acceptable range is $491.3mm to $501.2mm).
2333,Finance,4,Extraction (recall) + Reasoning,Not primary objective,[],4,9.090909090909092,45.45454545454545,Calculates the TLB day-one all-in discount as 4.00% of par (acceptable value is 4.00%).
2333,Finance,5,Reasoning,Not primary objective,[4],3,9.090909090909092,36.36363636363637,Calculates the TLB day-one all-in discount dollars as $20.7mm (acceptable range is $20.5mm to $20.9mm).
2333,Finance,6,Extraction (recall) + Reasoning,Not primary objective,[2],1,9.090909090909092,18.181818181818183,Calculates the PV of the soft-call payment at 18 months as $4.96mm (acceptable range is $4.91mm to $5.01mm).
2333,Finance,7,Extraction (recall),Not primary objective,[],2,9.090909090909092,27.272727272727273,"States the Nasdaq Global Market entry fee for common stock as $295,000 (acceptable value is $295,000)."
2333,Finance,8,Extraction (recall) + Reasoning,Not primary objective,[],2,9.090909090909092,27.272727272727273,"Calculates the Nasdaq All-Inclusive Annual Fee midpoint for the Global Market as $125,000 (acceptable value is $125,000)."
2333,Finance,9,Reasoning,Primary objective(s),"[3, 7, 8]",0,9.090909090909092,9.090909090909092,Calculates the day-one IPO gross-spread threshold (using the midpoint annual fee) as 3.92% (acceptable range is 3.88% to 3.96%).
2333,Finance,10,Reasoning,Primary objective(s),"[3, 6, 7, 8]",0,9.090909090909092,9.090909090909092,Calculates the PV-adjusted IPO gross-spread threshold (using the midpoint annual fee) as 4.88% (acceptable range is 4.83% to 4.93%).
2333,Finance,11,Extraction (recall) + Reasoning,Not primary objective,[],0,9.090909090909092,9.090909090909092,Calculates the required eligible A/R collateral for an A/R-only borrowing base at 80% as $646.1mm (acceptable range is $639.7mm to $652.6mm).
